,title,year,certificate,time,genre,rating,metascore,simple_desc,votes
0,"2.
The Lord of the Rings: The Return of the King
(2003)",(2003),PG-13,201 min,"Action, Adventure, Drama",9.0,"94        
        Metascore",Gandalf and Aragorn lead the World of Men against Sauron's army to draw his gaze from Frodo and Sam as they approach Mount Doom with the One Ring.,"Votes:
1,824,931
| Gross:
$377.85M"
1,"3.
Inception
(2010)",(2010),PG-13,148 min,"Action, Adventure, Sci-Fi",8.8,"74        
        Metascore","A thief who steals corporate secrets through the use of dream-sharing technology is given the inverse task of planting an idea into the mind of a C.E.O., but his tragic past may doom the project and his team to disaster.","Votes:
2,323,117
| Gross:
$292.58M"
2,"4.
The Lord of the Rings: The Two Towers
(2002)",(2002),PG-13,179 min,"Action, Adventure, Drama",8.8,"87        
        Metascore","While Frodo and Sam edge closer to Mordor with the help of the shifty Gollum, the divided fellowship makes a stand against Sauron's new ally, Saruman, and his hordes of Isengard.","Votes:
1,647,858
| Gross:
$342.55M"
3,"5.
The Lord of the Rings: The Fellowship of the Ring
(2001)",(2001),PG-13,178 min,"Action, Adventure, Drama",8.8,"92        
        Metascore",A meek Hobbit from the Shire and eight companions set out on a journey to destroy the powerful One Ring and save Middle-earth from the Dark Lord Sauron.,"Votes:
1,851,699
| Gross:
$315.54M"
4,"6.
The Good, the Bad and the Ugly
(1966)",(1966),R,178 min,"Adventure, Western",8.8,"90        
        Metascore",A bounty hunting scam joins two men in an uneasy alliance against a third in a race to find a fortune in gold buried in a remote cemetery.,"Votes:
755,926
| Gross:
$6.10M"
5,"7.
Star Wars: Episode V - The Empire Strikes Back
(1980)",(1980),PG,124 min,"Action, Adventure, Fantasy",8.7,"82        
        Metascore","After the Rebels are brutally overpowered by the Empire on the ice planet Hoth, Luke Skywalker begins Jedi training with Yoda, while his friends are pursued across the galaxy by Darth Vader and bounty hunter Boba Fett.","Votes:
1,280,053
| Gross:
$290.48M"
6,"8.
Interstellar
(2014)",(2014),PG-13,169 min,"Adventure, Drama, Sci-Fi",8.6,"74        
        Metascore",A team of explorers travel through a wormhole in space in an attempt to ensure humanity's survival.,"Votes:
1,793,211
| Gross:
$188.02M"
7,"9.
Spirited Away
(2001)",(2001),PG,125 min,"Animation, Adventure, Family",8.6,"96        
        Metascore","During her family's move to the suburbs, a sullen 10-year-old girl wanders into a world ruled by gods, witches, and spirits, and where humans are changed into beasts.","Votes:
753,345
| Gross:
$10.06M"
8,"10.
Star Wars
(1977)",(1977),PG,121 min,"Action, Adventure, Fantasy",8.6,"90        
        Metascore","Luke Skywalker joins forces with a Jedi Knight, a cocky pilot, a Wookiee and two droids to save the galaxy from the Empire's world-destroying battle station, while also attempting to rescue Princess Leia from the mysterious Darth Vader.","Votes:
1,352,750
| Gross:
$322.74M"
9,"11.
Gladiator
(2000)",(2000),R,155 min,"Action, Adventure, Drama",8.5,"67        
        Metascore",A former Roman General sets out to exact vengeance against the corrupt emperor who murdered his family and sent him into slavery.,"Votes:
1,484,996
| Gross:
$187.71M"
10,"12.
The Lion King
(1994)",(1994),G,88 min,"Animation, Adventure, Drama",8.5,"88        
        Metascore","Lion prince Simba and his father are targeted by his bitter uncle, who wants to ascend the throne himself.","Votes:
1,047,590
| Gross:
$422.78M"
11,"13.
Back to the Future
(1985)",(1985),PG,116 min,"Adventure, Comedy, Sci-Fi",8.5,"87        
        Metascore","Marty McFly, a 17-year-old high school student, is accidentally sent 30 years into the past in a time-traveling DeLorean invented by his close friend, the maverick scientist Doc Brown.","Votes:
1,189,967
| Gross:
$210.61M"
12,"14.
Spider-Man: Into the Spider-Verse
(2018)",(2018),PG,117 min,"Animation, Action, Adventure",8.4,"87        
        Metascore","Teen Miles Morales becomes the Spider-Man of his universe, and must join with five spider-powered individuals from other dimensions to stop a threat for all realities.","Votes:
517,628
| Gross:
$190.24M"
13,"15.
Avengers: Endgame
(2019)",(2019),PG-13,181 min,"Action, Adventure, Drama",8.4,"78        
        Metascore","After the devastating events of Avengers: Infinity War (2018), the universe is in ruins. With the help of remaining allies, the Avengers assemble once more in order to reverse Thanos' actions and restore balance to the universe.","Votes:
1,107,336
| Gross:
$858.37M"
14,"16.
Avengers: Infinity War
(2018)",(2018),PG-13,149 min,"Action, Adventure, Sci-Fi",8.4,"68        
        Metascore",The Avengers and their allies must be willing to sacrifice all in an attempt to defeat the powerful Thanos before his blitz of devastation and ruin puts an end to the universe.,"Votes:
1,061,315
| Gross:
$678.82M"
15,"17.
Coco
(I) (2017)",(I) (2017),PG,105 min,"Animation, Adventure, Comedy",8.4,"81        
        Metascore","Aspiring musician Miguel, confronted with his family's ancestral ban on music, enters the Land of the Dead to find his great-great-grandfather, a legendary singer.","Votes:
498,031
| Gross:
$209.73M"
16,"18.
WALL·E
(2008)",(2008),G,98 min,"Animation, Adventure, Family",8.4,"95        
        Metascore","In the distant future, a small waste-collecting robot inadvertently embarks on a space journey that will ultimately decide the fate of mankind.","Votes:
1,106,240
| Gross:
$223.81M"
17,"19.
Princess Mononoke
(1997)",(1997),PG-13,134 min,"Animation, Action, Adventure",8.4,"76        
        Metascore","On a journey to find the cure for a Tatarigami's curse, Ashitaka finds himself in the middle of a war between the forest gods and Tatara, a mining colony. In this quest he also meets San, the Mononoke Hime.","Votes:
391,602
| Gross:
$2.38M"
18,"20.
Aliens
(1986)",(1986),R,137 min,"Action, Adventure, Sci-Fi",8.4,"84        
        Metascore","Fifty-seven years after surviving an apocalyptic attack aboard her space vessel by merciless space creatures, Officer Ripley awakens from hyper-sleep and tries to warn anyone who will listen about the predators.","Votes:
712,780
| Gross:
$85.16M"
19,"21.
Raiders of the Lost Ark
(1981)",(1981),PG,115 min,"Action, Adventure",8.4,"85        
        Metascore","Archaeology professor Indiana Jones ventures to seize a biblical artefact known as the Ark of the Covenant. While doing so, he puts up a fight against Renee and a troop of Nazis.","Votes:
959,109
| Gross:
$248.16M"
20,"22.
Spider-Man: No Way Home
(2021)",(2021),PG-13,148 min,"Action, Adventure, Fantasy",8.3,"71        
        Metascore","With Spider-Man's identity now revealed, Peter asks Doctor Strange for help. When a spell goes wrong, dangerous foes from other worlds start to appear, forcing Peter to discover what it truly means to be Spider-Man.","Votes:
733,579
| Gross:
$804.75M"
21,"23.
Up
(2009)",(2009),PG,96 min,"Animation, Adventure, Comedy",8.3,"88        
        Metascore","78-year-old Carl Fredricksen travels to Paradise Falls in his house equipped with balloons, inadvertently taking a young stowaway.","Votes:
1,035,134
| Gross:
$293.00M"
22,"24.
Toy Story 3
(2010)",(2010),G,103 min,"Animation, Adventure, Comedy",8.3,"92        
        Metascore","The toys are mistakenly delivered to a day-care center instead of the attic right before Andy leaves for college, and it's up to Woody to convince the other toys that they weren't abandoned and to return home.","Votes:
830,351
| Gross:
$415.00M"
23,"25.
Inglourious Basterds
(2009)",(2009),R,153 min,"Adventure, Drama, War",8.3,"69        
        Metascore","In Nazi-occupied France during World War II, a plan to assassinate Nazi leaders by a group of Jewish U.S. soldiers coincides with a theatre owner's vengeful plans for the same.","Votes:
1,430,513
| Gross:
$120.54M"
24,"26.
Toy Story
(1995)",(1995),G,81 min,"Animation, Adventure, Comedy",8.3,"95        
        Metascore",A cowboy doll is profoundly threatened and jealous when a new spaceman action figure supplants him as top toy in a boy's bedroom.,"Votes:
985,402
| Gross:
$191.80M"
25,"27.
Star Wars: Episode VI - Return of the Jedi
(1983)",(1983),PG,131 min,"Action, Adventure, Fantasy",8.3,"58        
        Metascore","After a daring mission to rescue Han Solo from Jabba the Hutt, the Rebels dispatch to Endor to destroy the second Death Star. Meanwhile, Luke struggles to help Darth Vader back from the dark side without falling into the Emperor's trap.","Votes:
1,045,181
| Gross:
$309.13M"
26,"28.
2001: A Space Odyssey
(1968)",(1968),G,149 min,"Adventure, Sci-Fi",8.3,"84        
        Metascore","After uncovering a mysterious artifact buried beneath the Lunar surface, a spacecraft is sent to Jupiter to find its origins - a spacecraft manned by two men and the supercomputer H.A.L. 9000.","Votes:
664,152
| Gross:
$56.95M"
27,"29.
Lawrence of Arabia
(1962)",(1962),Approved,218 min,"Adventure, Biography, Drama",8.3,"100        
        Metascore","The story of T.E. Lawrence, the English officer who successfully united and led the diverse, often warring, Arab tribes during World War I in order to fight the Turks.","Votes:
292,836
| Gross:
$44.82M"
28,"30.
North by Northwest
(1959)",(1959),Approved,136 min,"Action, Adventure, Mystery",8.3,"98        
        Metascore","A New York City advertising executive goes on the run after being mistaken for a government agent by a group of foreign spies, and falls for a woman whose loyalties he begins to doubt.","Votes:
326,901
| Gross:
$13.28M"
29,"31.
Inside Out
(I) (2015)",(I) (2015),PG,95 min,"Animation, Adventure, Comedy",8.2,"94        
        Metascore","After young Riley is uprooted from her Midwest life and moved to San Francisco, her emotions - Joy, Fear, Anger, Disgust and Sadness - conflict on how best to navigate a new city, house, and school.","Votes:
706,383
| Gross:
$356.46M"
30,"32.
Demon Slayer the Movie: Mugen Train
(2020)",(2020),R,117 min,"Animation, Action, Adventure",8.2,"72        
        Metascore","After his family was brutally murdered and his sister turned into a demon, Tanjiro Kamado's journey as a demon slayer began. Tanjiro and his comrades embark on a new mission aboard the Mugen Train, on track to despair.","Votes:
56,741
| Gross:
$47.70M"
31,"33.
Howl's Moving Castle
(2004)",(2004),PG,119 min,"Animation, Adventure, Family",8.2,"80        
        Metascore","When an unconfident young woman is cursed with an old body by a spiteful witch, her only chance of breaking the spell lies with a self-indulgent yet insecure young wizard and his companions in his legged, walking castle.","Votes:
391,616
| Gross:
$4.71M"
32,"34.
Finding Nemo
(2003)",(2003),G,100 min,"Animation, Adventure, Comedy",8.2,"90        
        Metascore","After his son is captured in the Great Barrier Reef and taken to Sydney, a timid clownfish sets out on a journey to bring him home.","Votes:
1,036,068
| Gross:
$380.84M"
33,"35.
Jurassic Park
(1993)",(1993),PG-13,127 min,"Action, Adventure, Sci-Fi",8.2,"68        
        Metascore",A pragmatic paleontologist touring an almost complete theme park on an island in Central America is tasked with protecting a couple of kids after a power failure causes the park's cloned dinosaurs to run loose.,"Votes:
980,479
| Gross:
$402.45M"
34,"36.
Indiana Jones and the Last Crusade
(1989)",(1989),PG-13,127 min,"Action, Adventure",8.2,"65        
        Metascore","In 1938, after his father Professor Henry Jones, Sr. goes missing while pursuing the Holy Grail, Professor Henry ""Indiana"" Jones, Jr. finds himself up against Adolf Hitler's Nazis again to stop them from obtaining its powers.","Votes:
750,153
| Gross:
$197.17M"
35,"37.
Monty Python and the Holy Grail
(1975)",(1975),PG,91 min,"Adventure, Comedy, Fantasy",8.2,"91        
        Metascore","King Arthur and his Knights of the Round Table embark on a surreal, low-budget search for the Holy Grail, encountering many, very silly obstacles.","Votes:
539,449
| Gross:
$1.23M"
36,"39.
The Great Escape
(1963)",(1963),Approved,172 min,"Adventure, Drama, History",8.2,"86        
        Metascore",Allied prisoners of war plan for several hundred of their number to escape from a German camp during World War II.,"Votes:
244,200
| Gross:
$12.10M"
37,"40.
The Bridge on the River Kwai
(1957)",(1957),PG,161 min,"Adventure, Drama, War",8.2,"87        
        Metascore","British POWs are forced to build a railway bridge across the river Kwai for their Japanese captors in occupied Burma, not knowing that the allied forces are planning a daring commando raid through the jungle to destroy it.","Votes:
220,415
| Gross:
$44.91M"
38,"41.
The Wages of Fear
(1953)",(1953),Not Rated,131 min,"Adventure, Drama, Thriller",8.2,"85        
        Metascore","In a decrepit South American village, four men are hired to transport an urgent nitroglycerine shipment without the equipment that would make it safe.","Votes:
61,297"
39,"42.
The Treasure of the Sierra Madre
(1948)",(1948),Passed,126 min,"Adventure, Drama, Western",8.2,"98        
        Metascore",Two down-on-their-luck Americans searching for work in 1920s Mexico convince an old prospector to help them mine for gold in the Sierra Madre Mountains.,"Votes:
125,053
| Gross:
$5.01M"
40,"45.
Everything Everywhere All at Once
(2022)",(2022),R,139 min,"Action, Adventure, Comedy",8.1,"81        
        Metascore","An aging Chinese immigrant is swept up in an insane adventure, in which she alone can save the world by exploring other universes connecting with the lives she could have led.","Votes:
218,264"
41,"46.
Klaus
(2019)",(2019),PG,96 min,"Animation, Adventure, Comedy",8.1,"65        
        Metascore","A simple act of kindness always sparks another, even in a frozen, faraway place. When Smeerensburg's new postman, Jesper, befriends toymaker Klaus, their gifts melt an age-old feud and deliver a sleigh full of holiday traditions.","Votes:
147,545"
42,"49.
The Grand Budapest Hotel
(2014)",(2014),R,99 min,"Adventure, Comedy, Crime",8.1,"88        
        Metascore","A writer encounters the owner of an aging high-class hotel, who tells him of his early years serving as a lobby boy in the hotel's glorious years under an exceptional concierge.","Votes:
800,455
| Gross:
$59.10M"
43,"50.
Mad Max: Fury Road
(2015)",(2015),R,120 min,"Action, Adventure, Sci-Fi",8.1,"90        
        Metascore","In a post-apocalyptic wasteland, a woman rebels against a tyrannical ruler in search for her homeland with the aid of a group of female prisoners, a psychotic worshiper, and a drifter named Max.","Votes:
992,555
| Gross:
$154.06M"
