,title,year,certificate,time,genre,rating,metascore,simple_desc,votes,stars
0,"1.
The Shawshank Redemption
(1994)",(1994),R,142 min,Drama,9.3,"81        
        Metascore","Two imprisoned men bond over a number of years, finding solace and eventual redemption through acts of common decency.","Votes:
2,649,660
| Gross:
$28.34M",[]
1,"3.
The Godfather
(1972)",(1972),R,175 min,"Crime, Drama",9.2,"100        
        Metascore",The aging patriarch of an organized crime dynasty in postwar New York City transfers control of his clandestine empire to his reluctant youngest son.,"Votes:
1,836,707
| Gross:
$134.97M",[]
2,"6.
The Dark Knight
(2008)",(2008),PG-13,152 min,"Action, Crime, Drama",9.0,"84        
        Metascore","When the menace known as the Joker wreaks havoc and chaos on the people of Gotham, Batman must accept one of the greatest psychological and physical tests of his ability to fight injustice.","Votes:
2,621,685
| Gross:
$534.86M",[]
3,"7.
The Lord of the Rings: The Return of the King
(2003)",(2003),PG-13,201 min,"Action, Adventure, Drama",9.0,"94        
        Metascore",Gandalf and Aragorn lead the World of Men against Sauron's army to draw his gaze from Frodo and Sam as they approach Mount Doom with the One Ring.,"Votes:
1,825,437
| Gross:
$377.85M",[]
4,"8.
Schindler's List
(1993)",(1993),R,195 min,"Biography, Drama, History",9.0,"94        
        Metascore","In German-occupied Poland during World War II, industrialist Oskar Schindler gradually becomes concerned for his Jewish workforce after witnessing their persecution by the Nazis.","Votes:
1,342,814
| Gross:
$96.90M",[]
5,"9.
The Godfather Part II
(1974)",(1974),R,202 min,"Crime, Drama",9.0,"90        
        Metascore","The early life and career of Vito Corleone in 1920s New York City is portrayed, while his son, Michael, expands and tightens his grip on the family crime syndicate.","Votes:
1,258,633
| Gross:
$57.30M",[]
6,"10.
12 Angry Men
(1957)",(1957),Approved,96 min,"Crime, Drama",9.0,"96        
        Metascore",The jury in a New York City murder trial is frustrated by a single member whose skeptical caution forces them to more carefully consider the evidence before jumping to a hasty verdict.,"Votes:
782,317
| Gross:
$4.36M",[]
7,"16.
Pulp Fiction
(1994)",(1994),R,154 min,"Crime, Drama",8.9,"94        
        Metascore","The lives of two mob hitmen, a boxer, a gangster and his wife, and a pair of diner bandits intertwine in four tales of violence and redemption.","Votes:
2,028,167
| Gross:
$107.93M",[]
8,"17.
Inception
(2010)",(2010),PG-13,148 min,"Action, Adventure, Sci-Fi",8.8,"74        
        Metascore","A thief who steals corporate secrets through the use of dream-sharing technology is given the inverse task of planting an idea into the mind of a C.E.O., but his tragic past may doom the project and his team to disaster.","Votes:
2,323,618
| Gross:
$292.58M",[]
9,"18.
The Lord of the Rings: The Two Towers
(2002)",(2002),PG-13,179 min,"Action, Adventure, Drama",8.8,"87        
        Metascore","While Frodo and Sam edge closer to Mordor with the help of the shifty Gollum, the divided fellowship makes a stand against Sauron's new ally, Saruman, and his hordes of Isengard.","Votes:
1,648,320
| Gross:
$342.55M",[]
10,"19.
Fight Club
(1999)",(1999),R,139 min,Drama,8.8,"66        
        Metascore",An insomniac office worker and a devil-may-care soap maker form an underground fight club that evolves into much more.,"Votes:
2,094,693
| Gross:
$37.03M",[]
11,"20.
The Lord of the Rings: The Fellowship of the Ring
(2001)",(2001),PG-13,178 min,"Action, Adventure, Drama",8.8,"92        
        Metascore",A meek Hobbit from the Shire and eight companions set out on a journey to destroy the powerful One Ring and save Middle-earth from the Dark Lord Sauron.,"Votes:
1,852,331
| Gross:
$315.54M",[]
12,"21.
Forrest Gump
(1994)",(1994),PG-13,142 min,"Drama, Romance",8.8,"82        
        Metascore","The presidencies of Kennedy and Johnson, the Vietnam War, the Watergate scandal and other historical events unfold from the perspective of an Alabama man with an IQ of 75, whose only desire is to be reunited with his childhood sweetheart.","Votes:
2,052,002
| Gross:
$330.25M",[]
13,"22.
The Good, the Bad and the Ugly
(1966)",(1966),R,178 min,"Adventure, Western",8.8,"90        
        Metascore",A bounty hunting scam joins two men in an uneasy alliance against a third in a race to find a fortune in gold buried in a remote cemetery.,"Votes:
756,034
| Gross:
$6.10M",[]
14,"25.
The Matrix
(1999)",(1999),R,136 min,"Action, Sci-Fi",8.7,"73        
        Metascore","When a beautiful stranger leads computer hacker Neo to a forbidding underworld, he discovers the shocking truth--the life he knows is the elaborate deception of an evil cyber-intelligence.","Votes:
1,894,612
| Gross:
$171.48M",[]
15,"26.
Goodfellas
(1990)",(1990),R,145 min,"Biography, Crime, Drama",8.7,"90        
        Metascore","The story of Henry Hill and his life in the mob, covering his relationship with his wife Karen Hill and his mob partners Jimmy Conway and Tommy DeVito in the Italian-American crime syndicate.","Votes:
1,148,066
| Gross:
$46.84M",[]
16,"27.
Star Wars: Episode V - The Empire Strikes Back
(1980)",(1980),PG,124 min,"Action, Adventure, Fantasy",8.7,"82        
        Metascore","After the Rebels are brutally overpowered by the Empire on the ice planet Hoth, Luke Skywalker begins Jedi training with Yoda, while his friends are pursued across the galaxy by Darth Vader and bounty hunter Boba Fett.","Votes:
1,280,298
| Gross:
$290.48M",[]
17,"28.
One Flew Over the Cuckoo's Nest
(1975)",(1975),R,133 min,Drama,8.7,"84        
        Metascore","In the Fall of 1963, a Korean War veteran and criminal pleads insanity and is admitted to a mental institution, where he rallies up the scared patients against the tyrannical nurse.","Votes:
1,000,462
| Gross:
$112.00M",[]
18,"30.
Interstellar
(2014)",(2014),PG-13,169 min,"Adventure, Drama, Sci-Fi",8.6,"74        
        Metascore",A team of explorers travel through a wormhole in space in an attempt to ensure humanity's survival.,"Votes:
1,793,802
| Gross:
$188.02M",[]
19,"31.
City of God
(2002)",(2002),R,130 min,"Crime, Drama",8.6,"79        
        Metascore","In the slums of Rio, two kids' paths diverge as one struggles to become a photographer and the other a kingpin.","Votes:
752,137
| Gross:
$7.56M",[]
20,"33.
Spirited Away
(2001)",(2001),PG,125 min,"Animation, Adventure, Family",8.6,"96        
        Metascore","During her family's move to the suburbs, a sullen 10-year-old girl wanders into a world ruled by gods, witches, and spirits, and where humans are changed into beasts.","Votes:
753,551
| Gross:
$10.06M",[]
21,"34.
Saving Private Ryan
(1998)",(1998),R,169 min,"Drama, War",8.6,"91        
        Metascore","Following the Normandy Landings, a group of U.S. soldiers go behind enemy lines to retrieve a paratrooper whose brothers have been killed in action.","Votes:
1,377,328
| Gross:
$216.54M",[]
22,"35.
The Green Mile
(1999)",(1999),R,189 min,"Crime, Drama, Fantasy",8.6,"61        
        Metascore","The lives of guards on Death Row are affected by one of their charges: a black man accused of child murder and rape, yet who has a mysterious gift.","Votes:
1,287,034
| Gross:
$136.80M",[]
23,"36.
Life Is Beautiful
(1997)",(1997),PG-13,116 min,"Comedy, Drama, Romance",8.6,"59        
        Metascore","When an open-minded Jewish waiter and his son become victims of the Holocaust, he uses a perfect mixture of will, humor, and imagination to protect his son from the dangers around their camp.","Votes:
689,293
| Gross:
$57.60M",[]
24,"37.
Se7en
(1995)",(1995),R,127 min,"Crime, Drama, Mystery",8.6,"65        
        Metascore","Two detectives, a rookie and a veteran, hunt a serial killer who uses the seven deadly sins as his motives.","Votes:
1,631,345
| Gross:
$100.13M",[]
25,"38.
Terminator 2: Judgment Day
(1991)",(1991),R,137 min,"Action, Sci-Fi",8.6,"75        
        Metascore","A cyborg, identical to the one who failed to kill Sarah Connor, must now protect her ten-year-old son John from a more advanced and powerful cyborg.","Votes:
1,089,418
| Gross:
$204.84M",[]
26,"39.
The Silence of the Lambs
(1991)",(1991),R,118 min,"Crime, Drama, Thriller",8.6,"85        
        Metascore","A young F.B.I. cadet must receive the help of an incarcerated and manipulative cannibal killer to help catch another serial killer, a madman who skins his victims.","Votes:
1,416,665
| Gross:
$130.74M",[]
27,"41.
Star Wars
(1977)",(1977),PG,121 min,"Action, Adventure, Fantasy",8.6,"90        
        Metascore","Luke Skywalker joins forces with a Jedi Knight, a cocky pilot, a Wookiee and two droids to save the galaxy from the Empire's world-destroying battle station, while also attempting to rescue Princess Leia from the mysterious Darth Vader.","Votes:
1,353,004
| Gross:
$322.74M",[]
28,"42.
Harakiri
(1962)",(1962),Not Rated,133 min,"Action, Drama, Mystery",8.6,"85        
        Metascore","When a ronin requesting seppuku at a feudal lord's palace is told of the brutal suicide of another ronin who previously visited, he reveals how their pasts are intertwined - and in doing so challenges the clan's integrity.","Votes:
56,646",[]
29,"43.
Seven Samurai
(1954)",(1954),Not Rated,207 min,"Action, Drama",8.6,"98        
        Metascore","Farmers from a village exploited by bandits hire a veteran samurai for protection, who gathers six other samurai to join him. As the samurai teach the peasants how to defend themselves, the village is attacked by an army of bandits.","Votes:
344,462
| Gross:
$0.27M",[]
30,"44.
It's a Wonderful Life
(1946)",(1946),PG,130 min,"Drama, Family, Fantasy",8.6,"89        
        Metascore",An angel is sent from Heaven to help a desperately frustrated businessman by showing him what life would have been like if he had never existed.,"Votes:
452,531",[]
31,"48.
Parasite
(2019)",(2019),R,132 min,"Drama, Thriller",8.5,"96        
        Metascore",Greed and class discrimination threaten the newly formed symbiotic relationship between the wealthy Park family and the destitute Kim clan.,"Votes:
782,284
| Gross:
$53.37M",[]
32,"49.
Whiplash
(2014)",(2014),R,106 min,"Drama, Music",8.5,"88        
        Metascore",A promising young drummer enrolls at a cut-throat music conservatory where his dreams of greatness are mentored by an instructor who will stop at nothing to realize a student's potential.,"Votes:
844,266
| Gross:
$13.09M",[]
