,title,year,certificate,time,genre,rating,metascore,simple_desc,votes
0,"1.
The Godfather
(1972)",(1972),R,175 min,"Crime, Drama",9.2,"100        
        Metascore",The aging patriarch of an organized crime dynasty in postwar New York City transfers control of his clandestine empire to his reluctant youngest son.,"Votes:
1,836,380
| Gross:
$134.97M"
1,"3.
The Dark Knight
(2008)",(2008),PG-13,152 min,"Action, Crime, Drama",9.0,"84        
        Metascore","When the menace known as the Joker wreaks havoc and chaos on the people of Gotham, Batman must accept one of the greatest psychological and physical tests of his ability to fight injustice.","Votes:
2,621,156
| Gross:
$534.86M"
2,"4.
The Godfather Part II
(1974)",(1974),R,202 min,"Crime, Drama",9.0,"90        
        Metascore","The early life and career of Vito Corleone in 1920s New York City is portrayed, while his son, Michael, expands and tightens his grip on the family crime syndicate.","Votes:
1,258,415
| Gross:
$57.30M"
3,"5.
12 Angry Men
(1957)",(1957),Approved,96 min,"Crime, Drama",9.0,"96        
        Metascore",The jury in a New York City murder trial is frustrated by a single member whose skeptical caution forces them to more carefully consider the evidence before jumping to a hasty verdict.,"Votes:
782,166
| Gross:
$4.36M"
4,"7.
Pulp Fiction
(1994)",(1994),R,154 min,"Crime, Drama",8.9,"94        
        Metascore","The lives of two mob hitmen, a boxer, a gangster and his wife, and a pair of diner bandits intertwine in four tales of violence and redemption.","Votes:
2,027,748
| Gross:
$107.93M"
5,"8.
Goodfellas
(1990)",(1990),R,145 min,"Biography, Crime, Drama",8.7,"90        
        Metascore","The story of Henry Hill and his life in the mob, covering his relationship with his wife Karen Hill and his mob partners Jimmy Conway and Tommy DeVito in the Italian-American crime syndicate.","Votes:
1,147,853
| Gross:
$46.84M"
6,"9.
City of God
(2002)",(2002),R,130 min,"Crime, Drama",8.6,"79        
        Metascore","In the slums of Rio, two kids' paths diverge as one struggles to become a photographer and the other a kingpin.","Votes:
752,029
| Gross:
$7.56M"
7,"10.
The Green Mile
(1999)",(1999),R,189 min,"Crime, Drama, Fantasy",8.6,"61        
        Metascore","The lives of guards on Death Row are affected by one of their charges: a black man accused of child murder and rape, yet who has a mysterious gift.","Votes:
1,286,777
| Gross:
$136.80M"
8,"11.
Se7en
(1995)",(1995),R,127 min,"Crime, Drama, Mystery",8.6,"65        
        Metascore","Two detectives, a rookie and a veteran, hunt a serial killer who uses the seven deadly sins as his motives.","Votes:
1,630,937
| Gross:
$100.13M"
9,"12.
The Silence of the Lambs
(1991)",(1991),R,118 min,"Crime, Drama, Thriller",8.6,"85        
        Metascore","A young F.B.I. cadet must receive the help of an incarcerated and manipulative cannibal killer to help catch another serial killer, a madman who skins his victims.","Votes:
1,416,367
| Gross:
$130.74M"
10,"14.
The Departed
(2006)",(2006),R,151 min,"Crime, Drama, Thriller",8.5,"85        
        Metascore",An undercover cop and a mole in the police attempt to identify each other while infiltrating an Irish gang in South Boston.,"Votes:
1,312,767
| Gross:
$132.38M"
11,"15.
American History X
(1998)",(1998),R,119 min,"Crime, Drama",8.5,"62        
        Metascore",A former neo-nazi skinhead tries to prevent his younger brother from going down the same wrong path that he did.,"Votes:
1,114,251
| Gross:
$6.72M"
12,"16.
The Usual Suspects
(1995)",(1995),R,106 min,"Crime, Drama, Mystery",8.5,"77        
        Metascore","A sole survivor tells of the twisty events leading up to a horrific gun battle on a boat, which began when five criminals met at a seemingly random police lineup.","Votes:
1,077,248
| Gross:
$23.34M"
13,"17.
Léon: The Professional
(1994)",(1994),R,110 min,"Action, Crime, Drama",8.5,"64        
        Metascore","12-year-old Mathilda is reluctantly taken in by Léon, a professional assassin, after her family is murdered. An unusual relationship forms as she becomes his protégée and learns the assassin's trade.","Votes:
1,149,889
| Gross:
$19.50M"
14,"18.
Joker
(I) (2019)",(I) (2019),R,122 min,"Crime, Drama, Thriller",8.4,"59        
        Metascore",A mentally troubled stand-up comedian embarks on a downward spiral that leads to the creation of an iconic villain.,"Votes:
1,250,598
| Gross:
$335.45M"
15,"22.
High and Low
(1963)",(1963),Not Rated,143 min,"Crime, Drama, Mystery",8.4,"90        
        Metascore",An executive of a Yokohama shoe company becomes a victim of extortion when his chauffeur's son is kidnapped by mistake and held for ransom.,"Votes:
44,844"
16,"23.
Witness for the Prosecution
(1957)",(1957),Approved,116 min,"Crime, Drama, Mystery",8.4,"76        
        Metascore",A veteran British barrister must defend his client in a murder trial that has surprise after surprise.,"Votes:
125,139
| Gross:
$8.18M"
17,"27.
Heat
(1995)",(1995),R,170 min,"Action, Crime, Drama",8.3,"76        
        Metascore",A group of high-end professional thieves start to feel the heat from the LAPD when they unknowingly leave a clue at their latest heist.,"Votes:
650,348
| Gross:
$67.44M"
18,"28.
Reservoir Dogs
(1992)",(1992),R,99 min,"Crime, Thriller",8.3,"79        
        Metascore","When a simple jewelry heist goes horribly wrong, the surviving criminals begin to suspect that one of them is a police informant.","Votes:
1,009,298
| Gross:
$2.83M"
19,"29.
Once Upon a Time in America
(1984)",(1984),R,229 min,"Crime, Drama",8.3,"75        
        Metascore","A former Prohibition-era Jewish gangster returns to the Lower East Side of Manhattan 35 years later, where he must once again confront the ghosts and regrets of his old life.","Votes:
350,366
| Gross:
$5.32M"
20,"30.
Scarface
(1983)",(1983),R,170 min,"Crime, Drama",8.3,"65        
        Metascore","In 1980 Miami, a determined Cuban immigrant takes over a drug cartel and succumbs to greed.","Votes:
832,313
| Gross:
$45.60M"
21,"31.
The Sting
(1973)",(1973),PG,129 min,"Comedy, Crime, Drama",8.3,"83        
        Metascore",Two grifters team up to pull off the ultimate con.,"Votes:
261,530
| Gross:
$159.60M"
22,"32.
A Clockwork Orange
(1971)",(1971),R,136 min,"Crime, Sci-Fi",8.3,"77        
        Metascore","In the future, a sadistic gang leader is imprisoned and volunteers for a conduct-aversion experiment, but it doesn't go as planned.","Votes:
824,089
| Gross:
$6.21M"
23,"33.
To Kill a Mockingbird
(1962)",(1962),Approved,129 min,"Crime, Drama",8.3,"88        
        Metascore","Atticus Finch, a widowed lawyer in Depression-era Alabama, defends a black man against an undeserved rape charge, and his children against prejudice.","Votes:
315,869"
24,"34.
Double Indemnity
(1944)",(1944),Passed,107 min,"Crime, Drama, Film-Noir",8.3,"95        
        Metascore","A Los Angeles insurance representative lets an alluring housewife seduce him into a scheme of insurance fraud and murder that arouses the suspicion of his colleague, an insurance investigator.","Votes:
157,166
| Gross:
$5.72M"
25,"39.
Gangs of Wasseypur
(2012)",(2012),Not Rated,321 min,"Action, Comedy, Crime",8.2,"89        
        Metascore","A clash between Sultan and Shahid Khan leads to the expulsion of Khan from Wasseypur, and ignites a deadly blood feud spanning three generations.","Votes:
96,021"
26,"41.
The Wolf of Wall Street
(2013)",(2013),R,180 min,"Biography, Comedy, Crime",8.2,"75        
        Metascore","Based on the true story of Jordan Belfort, from his rise to a wealthy stock-broker living the high life to his fall involving crime, corruption and the federal government.","Votes:
1,385,744
| Gross:
$116.90M"
27,"42.
No Country for Old Men
(2007)",(2007),R,122 min,"Crime, Drama, Thriller",8.2,"92        
        Metascore",Violence and mayhem ensue after a hunter stumbles upon a drug deal gone wrong and more than two million dollars in cash near the Rio Grande.,"Votes:
962,921
| Gross:
$74.28M"
28,"43.
Batman Begins
(2005)",(2005),PG-13,140 min,"Action, Crime, Drama",8.2,"70        
        Metascore","After training with his mentor, Batman begins his fight to free crime-ridden Gotham City from corruption.","Votes:
1,456,687
| Gross:
$206.85M"
29,"44.
Kill Bill: Vol. 1
(2003)",(2003),R,111 min,"Action, Crime, Drama",8.2,"69        
        Metascore","After awakening from a four-year coma, a former assassin wreaks vengeance on the team of assassins who betrayed her.","Votes:
1,105,686
| Gross:
$70.10M"
30,"45.
Snatch
(2000)",(2000),R,102 min,"Comedy, Crime",8.2,"55        
        Metascore","Unscrupulous boxing promoters, violent bookmakers, a Russian gangster, incompetent amateur robbers and supposedly Jewish jewelers fight to track down a priceless stolen diamond.","Votes:
850,541
| Gross:
$30.33M"
31,"46.
Lock, Stock and Two Smoking Barrels
(1998)",(1998),R,107 min,"Action, Comedy, Crime",8.2,"66        
        Metascore","Eddy persuades his three pals to pool money for a vital poker game against a powerful local mobster, Hatchet Harry. Eddy loses, after which Harry gives him a week to pay back 500,000 pounds.","Votes:
579,632
| Gross:
$3.90M"
32,"47.
L.A. Confidential
(1997)",(1997),R,138 min,"Crime, Drama, Mystery",8.2,"90        
        Metascore","As corruption grows in 1950s Los Angeles, three policemen - one strait-laced, one brutal, and one sleazy - investigate a series of murders with their own brand of justice.","Votes:
580,677
| Gross:
$64.62M"
33,"48.
Casino
(1995)",(1995),R,178 min,"Crime, Drama",8.2,"73        
        Metascore","A tale of greed, deception, money, power, and murder occur between two best friends: a mafia enforcer and a casino executive compete against each other over a gambling empire, and over a fast-living and fast-loving socialite.","Votes:
516,548
| Gross:
$42.44M"
34,"49.
Taxi Driver
(1976)",(1976),R,114 min,"Crime, Drama",8.2,"94        
        Metascore","A mentally unstable veteran works as a nighttime taxi driver in New York City, where the perceived decadence and sleaze fuels his urge for violent action.","Votes:
822,192
| Gross:
$28.26M"
35,"50.
Z
(1969)",(1969),M/PG,127 min,"Crime, Drama, Thriller",8.2,"86        
        Metascore",The public murder of a prominent politician and doctor amid a violent demonstration is covered up by military and government officials. A tenacious magistrate is determined not to let them get away with it.,"Votes:
28,965
| Gross:
$0.08M"
