,title,year,certificate,time,genre,rating,metascore,simple_desc,votes
0,"2.
The Shawshank Redemption
(1994)",(1994),R,142 min,Drama,9.3,"81        
        Metascore","Two imprisoned men bond over a number of years, finding solace and eventual redemption through acts of common decency.","Votes:
2,649,168
| Gross:
$28.34M"
1,"3.
The Godfather
(1972)",(1972),R,175 min,"Crime, Drama",9.2,"100        
        Metascore",The aging patriarch of an organized crime dynasty in postwar New York City transfers control of his clandestine empire to his reluctant youngest son.,"Votes:
1,836,380
| Gross:
$134.97M"
2,"5.
The Dark Knight
(2008)",(2008),PG-13,152 min,"Action, Crime, Drama",9.0,"84        
        Metascore","When the menace known as the Joker wreaks havoc and chaos on the people of Gotham, Batman must accept one of the greatest psychological and physical tests of his ability to fight injustice.","Votes:
2,621,156
| Gross:
$534.86M"
3,"6.
The Lord of the Rings: The Return of the King
(2003)",(2003),PG-13,201 min,"Action, Adventure, Drama",9.0,"94        
        Metascore",Gandalf and Aragorn lead the World of Men against Sauron's army to draw his gaze from Frodo and Sam as they approach Mount Doom with the One Ring.,"Votes:
1,824,931
| Gross:
$377.85M"
4,"7.
Schindler's List
(1993)",(1993),R,195 min,"Biography, Drama, History",9.0,"94        
        Metascore","In German-occupied Poland during World War II, industrialist Oskar Schindler gradually becomes concerned for his Jewish workforce after witnessing their persecution by the Nazis.","Votes:
1,342,611
| Gross:
$96.90M"
5,"8.
The Godfather Part II
(1974)",(1974),R,202 min,"Crime, Drama",9.0,"90        
        Metascore","The early life and career of Vito Corleone in 1920s New York City is portrayed, while his son, Michael, expands and tightens his grip on the family crime syndicate.","Votes:
1,258,415
| Gross:
$57.30M"
6,"9.
12 Angry Men
(1957)",(1957),Approved,96 min,"Crime, Drama",9.0,"96        
        Metascore",The jury in a New York City murder trial is frustrated by a single member whose skeptical caution forces them to more carefully consider the evidence before jumping to a hasty verdict.,"Votes:
782,166
| Gross:
$4.36M"
7,"12.
Pulp Fiction
(1994)",(1994),R,154 min,"Crime, Drama",8.9,"94        
        Metascore","The lives of two mob hitmen, a boxer, a gangster and his wife, and a pair of diner bandits intertwine in four tales of violence and redemption.","Votes:
2,027,748
| Gross:
$107.93M"
8,"13.
The Lord of the Rings: The Two Towers
(2002)",(2002),PG-13,179 min,"Action, Adventure, Drama",8.8,"87        
        Metascore","While Frodo and Sam edge closer to Mordor with the help of the shifty Gollum, the divided fellowship makes a stand against Sauron's new ally, Saruman, and his hordes of Isengard.","Votes:
1,647,858
| Gross:
$342.55M"
9,"14.
Fight Club
(1999)",(1999),R,139 min,Drama,8.8,"66        
        Metascore",An insomniac office worker and a devil-may-care soap maker form an underground fight club that evolves into much more.,"Votes:
2,094,145
| Gross:
$37.03M"
10,"15.
The Lord of the Rings: The Fellowship of the Ring
(2001)",(2001),PG-13,178 min,"Action, Adventure, Drama",8.8,"92        
        Metascore",A meek Hobbit from the Shire and eight companions set out on a journey to destroy the powerful One Ring and save Middle-earth from the Dark Lord Sauron.,"Votes:
1,851,699
| Gross:
$315.54M"
11,"16.
Forrest Gump
(1994)",(1994),PG-13,142 min,"Drama, Romance",8.8,"82        
        Metascore","The presidencies of Kennedy and Johnson, the Vietnam War, the Watergate scandal and other historical events unfold from the perspective of an Alabama man with an IQ of 75, whose only desire is to be reunited with his childhood sweetheart.","Votes:
2,051,533
| Gross:
$330.25M"
12,"18.
Goodfellas
(1990)",(1990),R,145 min,"Biography, Crime, Drama",8.7,"90        
        Metascore","The story of Henry Hill and his life in the mob, covering his relationship with his wife Karen Hill and his mob partners Jimmy Conway and Tommy DeVito in the Italian-American crime syndicate.","Votes:
1,147,853
| Gross:
$46.84M"
13,"19.
One Flew Over the Cuckoo's Nest
(1975)",(1975),R,133 min,Drama,8.7,"84        
        Metascore","In the Fall of 1963, a Korean War veteran and criminal pleads insanity and is admitted to a mental institution, where he rallies up the scared patients against the tyrannical nurse.","Votes:
1,000,303
| Gross:
$112.00M"
14,"20.
Interstellar
(2014)",(2014),PG-13,169 min,"Adventure, Drama, Sci-Fi",8.6,"74        
        Metascore",A team of explorers travel through a wormhole in space in an attempt to ensure humanity's survival.,"Votes:
1,793,211
| Gross:
$188.02M"
15,"21.
City of God
(2002)",(2002),R,130 min,"Crime, Drama",8.6,"79        
        Metascore","In the slums of Rio, two kids' paths diverge as one struggles to become a photographer and the other a kingpin.","Votes:
752,029
| Gross:
$7.56M"
16,"22.
Saving Private Ryan
(1998)",(1998),R,169 min,"Drama, War",8.6,"91        
        Metascore","Following the Normandy Landings, a group of U.S. soldiers go behind enemy lines to retrieve a paratrooper whose brothers have been killed in action.","Votes:
1,377,022
| Gross:
$216.54M"
17,"23.
The Green Mile
(1999)",(1999),R,189 min,"Crime, Drama, Fantasy",8.6,"61        
        Metascore","The lives of guards on Death Row are affected by one of their charges: a black man accused of child murder and rape, yet who has a mysterious gift.","Votes:
1,286,777
| Gross:
$136.80M"
18,"24.
Life Is Beautiful
(1997)",(1997),PG-13,116 min,"Comedy, Drama, Romance",8.6,"59        
        Metascore","When an open-minded Jewish waiter and his son become victims of the Holocaust, he uses a perfect mixture of will, humor, and imagination to protect his son from the dangers around their camp.","Votes:
689,157
| Gross:
$57.60M"
19,"25.
Se7en
(1995)",(1995),R,127 min,"Crime, Drama, Mystery",8.6,"65        
        Metascore","Two detectives, a rookie and a veteran, hunt a serial killer who uses the seven deadly sins as his motives.","Votes:
1,630,937
| Gross:
$100.13M"
20,"26.
The Silence of the Lambs
(1991)",(1991),R,118 min,"Crime, Drama, Thriller",8.6,"85        
        Metascore","A young F.B.I. cadet must receive the help of an incarcerated and manipulative cannibal killer to help catch another serial killer, a madman who skins his victims.","Votes:
1,416,367
| Gross:
$130.74M"
21,"27.
Harakiri
(1962)",(1962),Not Rated,133 min,"Action, Drama, Mystery",8.6,"85        
        Metascore","When a ronin requesting seppuku at a feudal lord's palace is told of the brutal suicide of another ronin who previously visited, he reveals how their pasts are intertwined - and in doing so challenges the clan's integrity.","Votes:
56,624"
22,"28.
Seven Samurai
(1954)",(1954),Not Rated,207 min,"Action, Drama",8.6,"98        
        Metascore","Farmers from a village exploited by bandits hire a veteran samurai for protection, who gathers six other samurai to join him. As the samurai teach the peasants how to defend themselves, the village is attacked by an army of bandits.","Votes:
344,411
| Gross:
$0.27M"
23,"29.
It's a Wonderful Life
(1946)",(1946),PG,130 min,"Drama, Family, Fantasy",8.6,"89        
        Metascore",An angel is sent from Heaven to help a desperately frustrated businessman by showing him what life would have been like if he had never existed.,"Votes:
452,467"
24,"32.
Parasite
(2019)",(2019),R,132 min,"Drama, Thriller",8.5,"96        
        Metascore",Greed and class discrimination threaten the newly formed symbiotic relationship between the wealthy Park family and the destitute Kim clan.,"Votes:
781,922
| Gross:
$53.37M"
25,"33.
Whiplash
(2014)",(2014),R,106 min,"Drama, Music",8.5,"88        
        Metascore",A promising young drummer enrolls at a cut-throat music conservatory where his dreams of greatness are mentored by an instructor who will stop at nothing to realize a student's potential.,"Votes:
843,958
| Gross:
$13.09M"
26,"35.
The Intouchables
(2011)",(2011),R,112 min,"Biography, Comedy, Drama",8.5,"57        
        Metascore","After he becomes a quadriplegic from a paragliding accident, an aristocrat hires a young man from the projects to be his caregiver.","Votes:
849,241
| Gross:
$13.18M"
27,"36.
The Prestige
(2006)",(2006),PG-13,130 min,"Drama, Mystery, Sci-Fi",8.5,"66        
        Metascore","After a tragic accident, two stage magicians in 1890s London engage in a battle to create the ultimate illusion while sacrificing everything they have to outwit each other.","Votes:
1,320,151
| Gross:
$53.09M"
28,"37.
The Departed
(2006)",(2006),R,151 min,"Crime, Drama, Thriller",8.5,"85        
        Metascore",An undercover cop and a mole in the police attempt to identify each other while infiltrating an Irish gang in South Boston.,"Votes:
1,312,767
| Gross:
$132.38M"
29,"38.
The Pianist
(2002)",(2002),R,150 min,"Biography, Drama, Music",8.5,"85        
        Metascore",A Polish Jewish musician struggles to survive the destruction of the Warsaw ghetto of World War II.,"Votes:
823,391
| Gross:
$32.57M"
30,"39.
Gladiator
(2000)",(2000),R,155 min,"Action, Adventure, Drama",8.5,"67        
        Metascore",A former Roman General sets out to exact vengeance against the corrupt emperor who murdered his family and sent him into slavery.,"Votes:
1,484,996
| Gross:
$187.71M"
31,"40.
American History X
(1998)",(1998),R,119 min,"Crime, Drama",8.5,"62        
        Metascore",A former neo-nazi skinhead tries to prevent his younger brother from going down the same wrong path that he did.,"Votes:
1,114,251
| Gross:
$6.72M"
32,"41.
The Usual Suspects
(1995)",(1995),R,106 min,"Crime, Drama, Mystery",8.5,"77        
        Metascore","A sole survivor tells of the twisty events leading up to a horrific gun battle on a boat, which began when five criminals met at a seemingly random police lineup.","Votes:
1,077,248
| Gross:
$23.34M"
33,"42.
Léon: The Professional
(1994)",(1994),R,110 min,"Action, Crime, Drama",8.5,"64        
        Metascore","12-year-old Mathilda is reluctantly taken in by Léon, a professional assassin, after her family is murdered. An unusual relationship forms as she becomes his protégée and learns the assassin's trade.","Votes:
1,149,889
| Gross:
$19.50M"
34,"43.
The Lion King
(1994)",(1994),G,88 min,"Animation, Adventure, Drama",8.5,"88        
        Metascore","Lion prince Simba and his father are targeted by his bitter uncle, who wants to ascend the throne himself.","Votes:
1,047,590
| Gross:
$422.78M"
35,"44.
Cinema Paradiso
(1988)",(1988),R,155 min,"Drama, Romance",8.5,"80        
        Metascore",A filmmaker recalls his childhood when falling in love with the pictures at the cinema of his home village and forms a deep friendship with the cinema's projectionist.,"Votes:
259,761
| Gross:
$11.99M"
36,"45.
Grave of the Fireflies
(1988)",(1988),Not Rated,89 min,"Animation, Drama, War",8.5,"94        
        Metascore",A young boy and his little sister struggle to survive in Japan during World War II.,"Votes:
274,778"
37,"46.
Apocalypse Now
(1979)",(1979),R,147 min,"Drama, Mystery, War",8.5,"94        
        Metascore",A U.S. Army officer serving in Vietnam is tasked with assassinating a renegade Special Forces Colonel who sees himself as a god.,"Votes:
663,008
| Gross:
$83.47M"
38,"47.
Casablanca
(1942)",(1942),PG,102 min,"Drama, Romance, War",8.5,"100        
        Metascore",A cynical expatriate American cafe owner struggles to decide whether or not to help his former lover and her fugitive husband escape the Nazis in French Morocco.,"Votes:
568,388
| Gross:
$1.02M"
39,"48.
Modern Times
(1936)",(1936),G,87 min,"Comedy, Drama, Romance",8.5,"96        
        Metascore",The Tramp struggles to live in modern industrial society with the help of a young homeless woman.,"Votes:
241,558
| Gross:
$0.16M"
40,"49.
City Lights
(1931)",(1931),G,87 min,"Comedy, Drama, Romance",8.5,"99        
        Metascore","With the aid of a wealthy erratic tippler, a dewy-eyed tramp who has fallen in love with a sightless flower girl accumulates money to be able to help her medically.","Votes:
184,344
| Gross:
$0.02M"
41,"50.
Hamilton
(2020)",(2020),PG-13,160 min,"Biography, Drama, History",8.4,"90        
        Metascore","The real life of one of America's foremost founding fathers and first Secretary of the Treasury, Alexander Hamilton. Captured live on Broadway from the Richard Rodgers Theater with the original Broadway cast.","Votes:
93,011"
