,title,year,certificate,time,genre,rating,metascore,simple_desc,votes
0,"1.
Spirited Away
(2001)",(2001),PG,125 min,"Animation, Adventure, Family",8.6,"96        
        Metascore","During her family's move to the suburbs, a sullen 10-year-old girl wanders into a world ruled by gods, witches, and spirits, and where humans are changed into beasts.","Votes:
753,345
| Gross:
$10.06M"
1,"2.
It's a Wonderful Life
(1946)",(1946),PG,130 min,"Drama, Family, Fantasy",8.6,"89        
        Metascore",An angel is sent from Heaven to help a desperately frustrated businessman by showing him what life would have been like if he had never existed.,"Votes:
452,467"
2,"3.
The Lion King
(1994)",(1994),G,88 min,"Animation, Adventure, Drama",8.5,"88        
        Metascore","Lion prince Simba and his father are targeted by his bitter uncle, who wants to ascend the throne himself.","Votes:
1,047,590
| Gross:
$422.78M"
3,"4.
Spider-Man: Into the Spider-Verse
(2018)",(2018),PG,117 min,"Animation, Action, Adventure",8.4,"87        
        Metascore","Teen Miles Morales becomes the Spider-Man of his universe, and must join with five spider-powered individuals from other dimensions to stop a threat for all realities.","Votes:
517,628
| Gross:
$190.24M"
4,"5.
Coco
(I) (2017)",(I) (2017),PG,105 min,"Animation, Adventure, Comedy",8.4,"81        
        Metascore","Aspiring musician Miguel, confronted with his family's ancestral ban on music, enters the Land of the Dead to find his great-great-grandfather, a legendary singer.","Votes:
498,031
| Gross:
$209.73M"
5,"6.
WALL·E
(2008)",(2008),G,98 min,"Animation, Adventure, Family",8.4,"95        
        Metascore","In the distant future, a small waste-collecting robot inadvertently embarks on a space journey that will ultimately decide the fate of mankind.","Votes:
1,106,240
| Gross:
$223.81M"
6,"7.
Up
(2009)",(2009),PG,96 min,"Animation, Adventure, Comedy",8.3,"88        
        Metascore","78-year-old Carl Fredricksen travels to Paradise Falls in his house equipped with balloons, inadvertently taking a young stowaway.","Votes:
1,035,134
| Gross:
$293.00M"
7,"9.
Toy Story 3
(2010)",(2010),G,103 min,"Animation, Adventure, Comedy",8.3,"92        
        Metascore","The toys are mistakenly delivered to a day-care center instead of the attic right before Andy leaves for college, and it's up to Woody to convince the other toys that they weren't abandoned and to return home.","Votes:
830,351
| Gross:
$415.00M"
8,"10.
Toy Story
(1995)",(1995),G,81 min,"Animation, Adventure, Comedy",8.3,"95        
        Metascore",A cowboy doll is profoundly threatened and jealous when a new spaceman action figure supplants him as top toy in a boy's bedroom.,"Votes:
985,402
| Gross:
$191.80M"
9,"12.
Inside Out
(I) (2015)",(I) (2015),PG,95 min,"Animation, Adventure, Comedy",8.2,"94        
        Metascore","After young Riley is uprooted from her Midwest life and moved to San Francisco, her emotions - Joy, Fear, Anger, Disgust and Sadness - conflict on how best to navigate a new city, house, and school.","Votes:
706,383
| Gross:
$356.46M"
10,"14.
Howl's Moving Castle
(2004)",(2004),PG,119 min,"Animation, Adventure, Family",8.2,"80        
        Metascore","When an unconfident young woman is cursed with an old body by a spiteful witch, her only chance of breaking the spell lies with a self-indulgent yet insecure young wizard and his companions in his legged, walking castle.","Votes:
391,616
| Gross:
$4.71M"
11,"15.
Finding Nemo
(2003)",(2003),G,100 min,"Animation, Adventure, Comedy",8.2,"90        
        Metascore","After his son is captured in the Great Barrier Reef and taken to Sydney, a timid clownfish sets out on a journey to bring him home.","Votes:
1,036,068
| Gross:
$380.84M"
12,"16.
Children of Heaven
(1997)",(1997),PG,89 min,"Drama, Family, Sport",8.2,"77        
        Metascore","After a boy loses his sister's pair of shoes, he goes on a series of adventures in order to find them. When he can't, he tries a new way to ""win"" a new pair.","Votes:
74,885
| Gross:
$0.93M"
13,"17.
Klaus
(2019)",(2019),PG,96 min,"Animation, Adventure, Comedy",8.1,"65        
        Metascore","A simple act of kindness always sparks another, even in a frozen, faraway place. When Smeerensburg's new postman, Jesper, befriends toymaker Klaus, their gifts melt an age-old feud and deliver a sleigh full of holiday traditions.","Votes:
147,545"
14,"18.
Wolf Children
(2012)",(2012),PG,117 min,"Animation, Drama, Family",8.1,"71        
        Metascore","After her werewolf lover unexpectedly dies in an accident while hunting for food for their children, a young woman must find ways to raise the werewolf son and daughter that she had with him while keeping their trait hidden from society.","Votes:
45,007"
15,"19.
Harry Potter and the Deathly Hallows: Part 2
(2011)",(2011),PG-13,130 min,"Adventure, Family, Fantasy",8.1,"85        
        Metascore","Harry, Ron, and Hermione search for Voldemort's remaining Horcruxes in their effort to destroy the Dark Lord as the final battle rages on at Hogwarts.","Votes:
867,128
| Gross:
$381.01M"
16,"21.
How to Train Your Dragon
(2010)",(2010),PG,98 min,"Animation, Action, Adventure",8.1,"75        
        Metascore","A hapless young Viking who aspires to hunt dragons becomes the unlikely friend of a young dragon himself, and learns there may be more to the creatures than he assumed.","Votes:
734,893
| Gross:
$217.58M"
17,"22.
Let's Go! India
(2007)",(2007),Not Rated,153 min,"Drama, Family, Sport",8.1,"68        
        Metascore","Kabir Khan, the coach of the Indian Women's National Hockey Team, dreams of making his all-girls team emerge victorious against all odds.","Votes:
80,496
| Gross:
$1.11M"
18,"23.
Ratatouille
(2007)",(2007),G,111 min,"Animation, Adventure, Comedy",8.1,"96        
        Metascore",A rat who can cook makes an unusual alliance with a young kitchen worker at a famous Paris restaurant.,"Votes:
727,963
| Gross:
$206.45M"
19,"24.
Monsters, Inc.
(2001)",(2001),G,92 min,"Animation, Adventure, Comedy",8.1,"79        
        Metascore","In order to power the city, monsters have to scare children so that they scream. However, the children are toxic to the monsters, and after a child gets through, two monsters realize things may not be what they think.","Votes:
901,884
| Gross:
$289.92M"
20,"25.
The Iron Giant
(1999)",(1999),PG,86 min,"Animation, Action, Adventure",8.1,"85        
        Metascore",A young boy befriends a giant robot from outer space that a paranoid government agent wants to destroy.,"Votes:
195,790
| Gross:
$23.16M"
21,"26.
My Neighbor Totoro
(1988)",(1988),G,86 min,"Animation, Comedy, Family",8.1,"86        
        Metascore","When two girls move to the country to be near their ailing mother, they have adventures with the wondrous forest spirits who live nearby.","Votes:
336,548
| Gross:
$1.11M"
22,"27.
The Sound of Music
(1965)",(1965),G,172 min,"Biography, Drama, Family",8.1,"63        
        Metascore",A young novitiate is sent by her convent in 1930s Austria to become a governess to the seven children of a widowed naval officer.,"Votes:
233,286
| Gross:
$163.21M"
23,"28.
The Wizard of Oz
(1939)",(1939),PG,102 min,"Adventure, Family, Fantasy",8.1,"92        
        Metascore","Young Dorothy Gale and her dog Toto are swept away by a tornado from their Kansas farm to the magical Land of Oz, and embark on a quest with three new friends to see the Wizard, who can return her to her home and fulfill the others' wishes.","Votes:
397,918
| Gross:
$2.08M"
24,"29.
The Circus
(1928)",(1928),Passed,72 min,"Comedy, Family, Romance",8.1,"90        
        Metascore",The Tramp finds work and the girl of his dreams at a circus.,"Votes:
33,908"
25,"30.
Wolfwalkers
(2020)",(2020),PG,103 min,"Animation, Adventure, Family",8.0,"87        
        Metascore",A young apprentice hunter and her father journey to Ireland to help wipe out the last wolf pack. But everything changes when she befriends a free-spirited girl from a mysterious tribe rumored to transform into wolves by night.,"Votes:
32,131"
26,"31.
Soul
(2020)",(2020),PG,100 min,"Animation, Adventure, Comedy",8.0,"83        
        Metascore","After landing the gig of a lifetime, a New York jazz pianist suddenly finds himself trapped in a strange land between Earth and the afterlife.","Votes:
324,100"
27,"32.
Zootopia
(2016)",(2016),PG,108 min,"Animation, Adventure, Comedy",8.0,"78        
        Metascore","In a city of anthropomorphic animals, a rookie bunny cop and a cynical con artist fox must work together to uncover a conspiracy.","Votes:
494,515
| Gross:
$341.27M"
28,"33.
The Tale of The Princess Kaguya
(2013)",(2013),PG,137 min,"Animation, Drama, Family",8.0,"89        
        Metascore","Found inside a shining stalk of bamboo by an old bamboo cutter and his wife, a tiny girl grows rapidly into an exquisite young lady. The mysterious young princess enthralls all who encounter her, but ultimately she must confront her fate, the punishment for her crime.","Votes:
46,845
| Gross:
$1.51M"
29,"34.
Song of the Sea
(2014)",(2014),PG,93 min,"Animation, Adventure, Drama",8.0,"85        
        Metascore","Ben, a young Irish boy, and his little sister Saoirse, a girl who can turn into a seal, go on an adventure to free the fairies and save the spirit world.","Votes:
58,492
| Gross:
$0.86M"
30,"35.
The Incredibles
(2004)",(2004),PG,115 min,"Animation, Action, Adventure",8.0,"90        
        Metascore","While trying to lead a quiet suburban life, a family of undercover superheroes are forced into action to save the world.","Votes:
730,750
| Gross:
$261.44M"
31,"36.
Aladdin
(1992)",(1992),G,90 min,"Animation, Adventure, Comedy",8.0,"86        
        Metascore",A kindhearted street urchin and a power-hungry Grand Vizier vie for a magic lamp that has the power to make their deepest wishes come true.,"Votes:
416,458
| Gross:
$217.35M"
32,"37.
Beauty and the Beast
(1991)",(1991),G,84 min,"Animation, Family, Fantasy",8.0,"95        
        Metascore",A prince cursed to spend his days as a hideous monster sets out to regain his humanity by earning a young woman's love.,"Votes:
452,914
| Gross:
$218.97M"
33,"38.
The Princess Bride
(1987)",(1987),PG,98 min,"Adventure, Family, Fantasy",8.0,"77        
        Metascore","While home sick in bed, a young boy's grandfather reads him the story of a farmboy-turned-pirate who encounters numerous obstacles, enemies and allies in his quest to be reunited with his true love.","Votes:
426,265
| Gross:
$30.86M"
34,"39.
Castle in the Sky
(1986)",(1986),PG,125 min,"Animation, Adventure, Family",8.0,"78        
        Metascore",A young boy and a girl with a magic crystal must race against pirates and foreign agents in a search for a legendary floating castle.,"Votes:
166,263"
35,"40.
Fiddler on the Roof
(1971)",(1971),G,181 min,"Drama, Family, Musical",8.0,"67        
        Metascore","In pre-revolutionary Russia, a Jewish peasant with traditional values contends with marrying off three of his daughters with modern romantic ideals while growing anti-Semitic sentiment threatens his village.","Votes:
43,759
| Gross:
$80.50M"
36,"41.
Togo
(2019)",(2019),PG,113 min,"Adventure, Biography, Drama",7.9,"69        
        Metascore","The story of Togo, the sled dog who led the 1925 serum run despite being considered too small and weak to lead such an intense race.","Votes:
48,871"
37,"42.
Wonder
(I) (2017)",(I) (2017),PG,113 min,"Drama, Family",7.9,"66        
        Metascore","Based on the New York Times bestseller, this movie tells the incredibly inspiring and heartwarming story of August Pullman, a boy with facial differences who enters the fifth grade, attending a mainstream elementary school for the first time.","Votes:
164,082
| Gross:
$132.42M"
38,"43.
Fantastic Mr. Fox
(2009)",(2009),PG,87 min,"Animation, Adventure, Comedy",7.9,"83        
        Metascore",An urbane fox cannot resist returning to his farm raiding ways and then must help his community survive the farmers' retaliation.,"Votes:
230,830
| Gross:
$21.00M"
39,"44.
Harry Potter and the Prisoner of Azkaban
(2004)",(2004),PG,142 min,"Adventure, Family, Fantasy",7.9,"82        
        Metascore","Harry Potter, Ron and Hermione return to Hogwarts School of Witchcraft and Wizardry for their third year of study, where they delve into the mystery surrounding an escaped prisoner who poses a dangerous threat to the young wizard.","Votes:
628,053
| Gross:
$249.36M"
40,"45.
Shrek
(2001)",(2001),PG,90 min,"Animation, Adventure, Comedy",7.9,"84        
        Metascore","A mean lord exiles fairytale creatures to the swamp of a grumpy ogre, who must go on a quest and rescue a princess for the lord in order to get his land back.","Votes:
672,077
| Gross:
$267.67M"
41,"46.
Toy Story 2
(1999)",(1999),G,92 min,"Animation, Adventure, Comedy",7.9,"88        
        Metascore","When Woody is stolen by a toy collector, Buzz and his friends set out on a rescue mission to save Woody before he becomes a museum toy property with his roundup gang Jessie, Prospector, and Bullseye.","Votes:
577,892
| Gross:
$245.85M"
42,"47.
Whisper of the Heart
(1995)",(1995),G,111 min,"Animation, Drama, Family",7.9,"75        
        Metascore","A love story between a girl who loves reading books, and a boy who has previously checked out all of the library books she chooses.","Votes:
62,762"
43,"48.
The Nightmare Before Christmas
(1993)",(1993),PG,76 min,"Animation, Family, Fantasy",7.9,"82        
        Metascore","Jack Skellington, king of Halloween Town, discovers Christmas Town, but his attempts to bring Christmas to his home causes confusion.","Votes:
333,462
| Gross:
$75.08M"
44,"49.
A Christmas Story
(1983)",(1983),PG,93 min,"Comedy, Family",7.9,"77        
        Metascore","In the 1940s, a young boy named Ralphie Parker attempts to convince his parents, teacher, and Santa Claus that a Red Ryder Range 200 Shot BB gun really is the perfect Christmas gift.","Votes:
147,732
| Gross:
$20.61M"
45,"50.
E.T. the Extra-Terrestrial
(1982)",(1982),PG,115 min,"Adventure, Family, Sci-Fi",7.9,"91        
        Metascore",A troubled child summons the courage to help a friendly alien escape from Earth and return to his home planet.,"Votes:
407,329
| Gross:
$435.11M"
