,title,year,certificate,time,genre,rating,metascore,simple_desc,votes
0,"1.
The Lord of the Rings: The Return of the King
(2003)",(2003),PG-13,201 min,"Action, Adventure, Drama",9.0,"94        
        Metascore",Gandalf and Aragorn lead the World of Men against Sauron's army to draw his gaze from Frodo and Sam as they approach Mount Doom with the One Ring.,"Votes:
1,824,931
| Gross:
$377.85M"
1,"2.
The Lord of the Rings: The Two Towers
(2002)",(2002),PG-13,179 min,"Action, Adventure, Drama",8.8,"87        
        Metascore","While Frodo and Sam edge closer to Mordor with the help of the shifty Gollum, the divided fellowship makes a stand against Sauron's new ally, Saruman, and his hordes of Isengard.","Votes:
1,647,858
| Gross:
$342.55M"
2,"3.
The Lord of the Rings: The Fellowship of the Ring
(2001)",(2001),PG-13,178 min,"Action, Adventure, Drama",8.8,"92        
        Metascore",A meek Hobbit from the Shire and eight companions set out on a journey to destroy the powerful One Ring and save Middle-earth from the Dark Lord Sauron.,"Votes:
1,851,699
| Gross:
$315.54M"
3,"4.
Star Wars: Episode V - The Empire Strikes Back
(1980)",(1980),PG,124 min,"Action, Adventure, Fantasy",8.7,"82        
        Metascore","After the Rebels are brutally overpowered by the Empire on the ice planet Hoth, Luke Skywalker begins Jedi training with Yoda, while his friends are pursued across the galaxy by Darth Vader and bounty hunter Boba Fett.","Votes:
1,280,053
| Gross:
$290.48M"
4,"5.
Spirited Away
(2001)",(2001),PG,125 min,"Animation, Adventure, Family",8.6,"96        
        Metascore","During her family's move to the suburbs, a sullen 10-year-old girl wanders into a world ruled by gods, witches, and spirits, and where humans are changed into beasts.","Votes:
753,345
| Gross:
$10.06M"
5,"6.
The Green Mile
(1999)",(1999),R,189 min,"Crime, Drama, Fantasy",8.6,"61        
        Metascore","The lives of guards on Death Row are affected by one of their charges: a black man accused of child murder and rape, yet who has a mysterious gift.","Votes:
1,286,777
| Gross:
$136.80M"
6,"7.
Star Wars
(1977)",(1977),PG,121 min,"Action, Adventure, Fantasy",8.6,"90        
        Metascore","Luke Skywalker joins forces with a Jedi Knight, a cocky pilot, a Wookiee and two droids to save the galaxy from the Empire's world-destroying battle station, while also attempting to rescue Princess Leia from the mysterious Darth Vader.","Votes:
1,352,750
| Gross:
$322.74M"
7,"8.
It's a Wonderful Life
(1946)",(1946),PG,130 min,"Drama, Family, Fantasy",8.6,"89        
        Metascore",An angel is sent from Heaven to help a desperately frustrated businessman by showing him what life would have been like if he had never existed.,"Votes:
452,467"
8,"9.
Your Name.
(2016)",(2016),PG,106 min,"Animation, Drama, Fantasy",8.4,"79        
        Metascore","Two strangers find themselves linked in a bizarre way. When a connection forms, will distance be the only thing to keep them apart?","Votes:
263,669
| Gross:
$5.02M"
9,"10.
Spider-Man: Into the Spider-Verse
(2018)",(2018),PG,117 min,"Animation, Action, Adventure",8.4,"87        
        Metascore","Teen Miles Morales becomes the Spider-Man of his universe, and must join with five spider-powered individuals from other dimensions to stop a threat for all realities.","Votes:
517,628
| Gross:
$190.24M"
10,"11.
Coco
(I) (2017)",(I) (2017),PG,105 min,"Animation, Adventure, Comedy",8.4,"81        
        Metascore","Aspiring musician Miguel, confronted with his family's ancestral ban on music, enters the Land of the Dead to find his great-great-grandfather, a legendary singer.","Votes:
498,031
| Gross:
$209.73M"
11,"12.
Princess Mononoke
(1997)",(1997),PG-13,134 min,"Animation, Action, Adventure",8.4,"76        
        Metascore","On a journey to find the cure for a Tatarigami's curse, Ashitaka finds himself in the middle of a war between the forest gods and Tatara, a mining colony. In this quest he also meets San, the Mononoke Hime.","Votes:
391,602
| Gross:
$2.38M"
12,"13.
Spider-Man: No Way Home
(2021)",(2021),PG-13,148 min,"Action, Adventure, Fantasy",8.3,"71        
        Metascore","With Spider-Man's identity now revealed, Peter asks Doctor Strange for help. When a spell goes wrong, dangerous foes from other worlds start to appear, forcing Peter to discover what it truly means to be Spider-Man.","Votes:
733,579
| Gross:
$804.75M"
13,"14.
Toy Story 3
(2010)",(2010),G,103 min,"Animation, Adventure, Comedy",8.3,"92        
        Metascore","The toys are mistakenly delivered to a day-care center instead of the attic right before Andy leaves for college, and it's up to Woody to convince the other toys that they weren't abandoned and to return home.","Votes:
830,351
| Gross:
$415.00M"
14,"15.
Toy Story
(1995)",(1995),G,81 min,"Animation, Adventure, Comedy",8.3,"95        
        Metascore",A cowboy doll is profoundly threatened and jealous when a new spaceman action figure supplants him as top toy in a boy's bedroom.,"Votes:
985,402
| Gross:
$191.80M"
15,"16.
Star Wars: Episode VI - Return of the Jedi
(1983)",(1983),PG,131 min,"Action, Adventure, Fantasy",8.3,"58        
        Metascore","After a daring mission to rescue Han Solo from Jabba the Hutt, the Rebels dispatch to Endor to destroy the second Death Star. Meanwhile, Luke struggles to help Darth Vader back from the dark side without falling into the Emperor's trap.","Votes:
1,045,181
| Gross:
$309.13M"
16,"18.
Inside Out
(I) (2015)",(I) (2015),PG,95 min,"Animation, Adventure, Comedy",8.2,"94        
        Metascore","After young Riley is uprooted from her Midwest life and moved to San Francisco, her emotions - Joy, Fear, Anger, Disgust and Sadness - conflict on how best to navigate a new city, house, and school.","Votes:
706,383
| Gross:
$356.46M"
17,"19.
Demon Slayer the Movie: Mugen Train
(2020)",(2020),R,117 min,"Animation, Action, Adventure",8.2,"72        
        Metascore","After his family was brutally murdered and his sister turned into a demon, Tanjiro Kamado's journey as a demon slayer began. Tanjiro and his comrades embark on a new mission aboard the Mugen Train, on track to despair.","Votes:
56,741
| Gross:
$47.70M"
18,"20.
Pan's Labyrinth
(2006)",(2006),R,118 min,"Drama, Fantasy, War",8.2,"98        
        Metascore","In the Falangist Spain of 1944, the bookish young stepdaughter of a sadistic army officer escapes into an eerie but captivating fantasy world.","Votes:
665,552
| Gross:
$37.63M"
19,"21.
Howl's Moving Castle
(2004)",(2004),PG,119 min,"Animation, Adventure, Family",8.2,"80        
        Metascore","When an unconfident young woman is cursed with an old body by a spiteful witch, her only chance of breaking the spell lies with a self-indulgent yet insecure young wizard and his companions in his legged, walking castle.","Votes:
391,616
| Gross:
$4.71M"
20,"22.
Monty Python and the Holy Grail
(1975)",(1975),PG,91 min,"Adventure, Comedy, Fantasy",8.2,"91        
        Metascore","King Arthur and his Knights of the Round Table embark on a surreal, low-budget search for the Holy Grail, encountering many, very silly obstacles.","Votes:
539,449
| Gross:
$1.23M"
21,"23.
Everything Everywhere All at Once
(2022)",(2022),R,139 min,"Action, Adventure, Comedy",8.1,"81        
        Metascore","An aging Chinese immigrant is swept up in an insane adventure, in which she alone can save the world by exploring other universes connecting with the lives she could have led.","Votes:
218,264"
22,"24.
Klaus
(2019)",(2019),PG,96 min,"Animation, Adventure, Comedy",8.1,"65        
        Metascore","A simple act of kindness always sparks another, even in a frozen, faraway place. When Smeerensburg's new postman, Jesper, befriends toymaker Klaus, their gifts melt an age-old feud and deliver a sleigh full of holiday traditions.","Votes:
147,545"
23,"26.
Wolf Children
(2012)",(2012),PG,117 min,"Animation, Drama, Family",8.1,"71        
        Metascore","After her werewolf lover unexpectedly dies in an accident while hunting for food for their children, a young woman must find ways to raise the werewolf son and daughter that she had with him while keeping their trait hidden from society.","Votes:
45,007"
24,"28.
Harry Potter and the Deathly Hallows: Part 2
(2011)",(2011),PG-13,130 min,"Adventure, Family, Fantasy",8.1,"85        
        Metascore","Harry, Ron, and Hermione search for Voldemort's remaining Horcruxes in their effort to destroy the Dark Lord as the final battle rages on at Hogwarts.","Votes:
867,128
| Gross:
$381.01M"
25,"29.
How to Train Your Dragon
(2010)",(2010),PG,98 min,"Animation, Action, Adventure",8.1,"75        
        Metascore","A hapless young Viking who aspires to hunt dragons becomes the unlikely friend of a young dragon himself, and learns there may be more to the creatures than he assumed.","Votes:
734,893
| Gross:
$217.58M"
26,"30.
Ratatouille
(2007)",(2007),G,111 min,"Animation, Adventure, Comedy",8.1,"96        
        Metascore",A rat who can cook makes an unusual alliance with a young kitchen worker at a famous Paris restaurant.,"Votes:
727,963
| Gross:
$206.45M"
27,"31.
Pirates of the Caribbean: The Curse of the Black Pearl
(2003)",(2003),PG-13,143 min,"Action, Adventure, Fantasy",8.1,"63        
        Metascore","Blacksmith Will Turner teams up with eccentric pirate ""Captain"" Jack Sparrow to save his love, the governor's daughter, from Jack's former pirate allies, who are now undead.","Votes:
1,118,590
| Gross:
$305.41M"
28,"32.
Monsters, Inc.
(2001)",(2001),G,92 min,"Animation, Adventure, Comedy",8.1,"79        
        Metascore","In order to power the city, monsters have to scare children so that they scream. However, the children are toxic to the monsters, and after a child gets through, two monsters realize things may not be what they think.","Votes:
901,884
| Gross:
$289.92M"
29,"33.
Underground
(1995)",(1995),Not Rated,167 min,"Comedy, Drama, Fantasy",8.1,"79        
        Metascore","A group of Serbian socialists prepares for the war in a surreal underground filled by parties, tragedies, love, and hate.","Votes:
58,569
| Gross:
$0.17M"
30,"34.
Groundhog Day
(1993)",(1993),PG,101 min,"Comedy, Drama, Fantasy",8.1,"72        
        Metascore","A narcissistic, self-centered weatherman finds himself in a time loop on Groundhog Day, and the day keeps repeating until he gets it right.","Votes:
627,203
| Gross:
$70.91M"
31,"36.
My Neighbor Totoro
(1988)",(1988),G,86 min,"Animation, Comedy, Family",8.1,"86        
        Metascore","When two girls move to the country to be near their ailing mother, they have adventures with the wondrous forest spirits who live nearby.","Votes:
336,548
| Gross:
$1.11M"
32,"37.
The Seventh Seal
(1957)",(1957),Not Rated,96 min,"Drama, Fantasy",8.1,"88        
        Metascore","A knight returning to Sweden after the Crusades seeks answers about life, death, and the existence of God as he plays chess against the Grim Reaper during the Black Plague.","Votes:
184,988"
33,"38.
The Wizard of Oz
(1939)",(1939),PG,102 min,"Adventure, Family, Fantasy",8.1,"92        
        Metascore","Young Dorothy Gale and her dog Toto are swept away by a tornado from their Kansas farm to the magical Land of Oz, and embark on a quest with three new friends to see the Wizard, who can return her to her home and fulfill the others' wishes.","Votes:
397,918
| Gross:
$2.08M"
34,"39.
Wolfwalkers
(2020)",(2020),PG,103 min,"Animation, Adventure, Family",8.0,"87        
        Metascore",A young apprentice hunter and her father journey to Ireland to help wipe out the last wolf pack. But everything changes when she befriends a free-spirited girl from a mysterious tribe rumored to transform into wolves by night.,"Votes:
32,131"
35,"40.
Soul
(2020)",(2020),PG,100 min,"Animation, Adventure, Comedy",8.0,"83        
        Metascore","After landing the gig of a lifetime, a New York jazz pianist suddenly finds himself trapped in a strange land between Earth and the afterlife.","Votes:
324,100"
36,"41.
The Tale of The Princess Kaguya
(2013)",(2013),PG,137 min,"Animation, Drama, Family",8.0,"89        
        Metascore","Found inside a shining stalk of bamboo by an old bamboo cutter and his wife, a tiny girl grows rapidly into an exquisite young lady. The mysterious young princess enthralls all who encounter her, but ultimately she must confront her fate, the punishment for her crime.","Votes:
46,845
| Gross:
$1.51M"
37,"42.
Song of the Sea
(2014)",(2014),PG,93 min,"Animation, Adventure, Drama",8.0,"85        
        Metascore","Ben, a young Irish boy, and his little sister Saoirse, a girl who can turn into a seal, go on an adventure to free the fairies and save the spirit world.","Votes:
58,492
| Gross:
$0.86M"
38,"43.
Zack Snyder's Justice League
(2021)",(2021),R,242 min,"Action, Adventure, Fantasy",8.0,"54        
        Metascore","Determined to ensure that Superman's ultimate sacrifice wasn't in vain, Bruce Wayne recruits a team of metahumans to protect the world from an approaching threat of catastrophic proportions.","Votes:
391,301"
39,"44.
Big Fish
(2003)",(2003),PG-13,125 min,"Adventure, Drama, Fantasy",8.0,"58        
        Metascore",A frustrated son tries to determine the fact from fiction in his dying father's life.,"Votes:
440,642
| Gross:
$66.26M"
40,"45.
Aladdin
(1992)",(1992),G,90 min,"Animation, Adventure, Comedy",8.0,"86        
        Metascore",A kindhearted street urchin and a power-hungry Grand Vizier vie for a magic lamp that has the power to make their deepest wishes come true.,"Votes:
416,458
| Gross:
$217.35M"
41,"46.
Beauty and the Beast
(1991)",(1991),G,84 min,"Animation, Family, Fantasy",8.0,"95        
        Metascore",A prince cursed to spend his days as a hideous monster sets out to regain his humanity by earning a young woman's love.,"Votes:
452,914
| Gross:
$218.97M"
42,"47.
Akira
(1988)",(1988),R,124 min,"Animation, Action, Drama",8.0,"67        
        Metascore","A secret military project endangers Neo-Tokyo when it turns a biker gang member into a rampaging psychic psychopath who can only be stopped by a teenager, his gang of biker friends and a group of psychics.","Votes:
185,971
| Gross:
$0.55M"
43,"48.
The Princess Bride
(1987)",(1987),PG,98 min,"Adventure, Family, Fantasy",8.0,"77        
        Metascore","While home sick in bed, a young boy's grandfather reads him the story of a farmboy-turned-pirate who encounters numerous obstacles, enemies and allies in his quest to be reunited with his true love.","Votes:
426,265
| Gross:
$30.86M"
44,"49.
Wings of Desire
(1987)",(1987),PG-13,128 min,"Drama, Fantasy, Romance",8.0,"79        
        Metascore","An angel tires of his purely ethereal life of merely overseeing the human activity of Berlin's residents, and longs for the tangible joys of physical existence when he falls in love with a mortal.","Votes:
71,322
| Gross:
$3.33M"
45,"50.
Castle in the Sky
(1986)",(1986),PG,125 min,"Animation, Adventure, Family",8.0,"78        
        Metascore",A young boy and a girl with a magic crystal must race against pirates and foreign agents in a search for a legendary floating castle.,"Votes:
166,263"
