,title,year,certificate,time,genre,rating,metascore,simple_desc,votes
0,"2.
Double Indemnity
(1944)",(1944),Passed,107 min,"Crime, Drama, Film-Noir",8.3,"95        
        Metascore","A Los Angeles insurance representative lets an alluring housewife seduce him into a scheme of insurance fraud and murder that arouses the suspicion of his colleague, an insurance investigator.","Votes:
157,166
| Gross:
$5.72M"
1,"3.
Ace in the Hole
(1951)",(1951),Approved,111 min,"Drama, Film-Noir",8.1,"72        
        Metascore","A frustrated former big-city journalist now stuck working for an Albuquerque newspaper exploits a story about a man trapped in a cave to rekindle his career, but the situation quickly escalates into an out-of-control circus.","Votes:
36,161
| Gross:
$3.97M"
2,"5.
The Third Man
(1949)",(1949),Approved,93 min,"Film-Noir, Mystery, Thriller",8.1,"97        
        Metascore","Pulp novelist Holly Martins travels to shadowy, postwar Vienna, only to find himself investigating the mysterious death of an old friend, Harry Lime.","Votes:
171,680
| Gross:
$0.45M"
3,"6.
Rebecca
(1940)",(1940),Approved,130 min,"Drama, Film-Noir, Mystery",8.1,"86        
        Metascore",A self-conscious woman juggles adjusting to her new role as an aristocrat's wife and avoiding being intimidated by his first wife's spectral presence.,"Votes:
137,225
| Gross:
$4.36M"
4,"7.
Touch of Evil
(1958)",(1958),PG-13,95 min,"Crime, Drama, Film-Noir",8.0,"99        
        Metascore","A stark, perverse story of murder, kidnapping, and police corruption in a Mexican border town.","Votes:
104,699
| Gross:
$2.24M"
5,"8.
Sweet Smell of Success
(1957)",(1957),Approved,96 min,"Drama, Film-Noir",8.0,"100        
        Metascore",Powerful but unethical Broadway columnist J.J. Hunsecker coerces unscrupulous press agent Sidney Falco into breaking up his sister's romance with a jazz musician.,"Votes:
32,400"
6,"9.
The Killing
(1956)",(1956),Approved,84 min,"Crime, Drama, Film-Noir",8.0,"91        
        Metascore",Crook Johnny Clay assembles a five-man team to plan and execute a daring racetrack robbery.,"Votes:
90,103"
7,"10.
The Night of the Hunter
(1955)",(1955),Not Rated,92 min,"Crime, Drama, Film-Noir",8.0,"99        
        Metascore","A religious fanatic marries a gullible widow whose young children are reluctant to tell him where their real daddy hid the $10,000 he'd stolen in a robbery.","Votes:
89,708
| Gross:
$0.65M"
8,"11.
Out of the Past
(1947)",(1947),Not Rated,97 min,"Crime, Drama, Film-Noir",8.0,"85        
        Metascore","A private eye escapes his past to run a gas station in a small town, but his past catches up with him. Now he must return to the big city world of danger, corruption, double crosses and duplicitous dames.","Votes:
37,552"
9,"12.
The Maltese Falcon
(1941)",(1941),Passed,100 min,"Crime, Film-Noir, Mystery",8.0,"97        
        Metascore","San Francisco private detective Sam Spade takes on a case that involves him with three eccentric criminals, a gorgeous liar, and their quest for a priceless statuette, with the stakes rising after his partner is murdered.","Votes:
158,748
| Gross:
$2.11M"
10,"14.
Strangers on a Train
(1951)",(1951),PG,101 min,"Crime, Drama, Film-Noir",7.9,"88        
        Metascore",A psychopath forces a tennis star to comply with his theory that two strangers can get away with murder.,"Votes:
134,121
| Gross:
$7.63M"
11,"16.
Notorious
(1946)",(1946),Not Rated,102 min,"Drama, Film-Noir, Romance",7.9,"100        
        Metascore",The daughter of a convicted Nazi spy is asked by American agents to gather information on a ring of Nazi scientists in South America. How far will she have to go to ingratiate herself with them?,"Votes:
101,391
| Gross:
$10.46M"
12,"17.
The Big Sleep
(1946)",(1946),Passed,114 min,"Crime, Film-Noir, Mystery",7.9,"86        
        Metascore","Private detective Philip Marlowe is hired by a wealthy family. Before the complex case is over, he's seen murder, blackmail, and what might be love.","Votes:
85,983
| Gross:
$6.54M"
13,"18.
Mildred Pierce
(1945)",(1945),Approved,111 min,"Crime, Drama, Film-Noir",7.9,"88        
        Metascore",A hard-working mother inches towards disaster as she divorces her husband and starts a successful restaurant business to support her spoiled daughter.,"Votes:
26,149"
14,"21.
The Asphalt Jungle
(1950)",(1950),Passed,112 min,"Crime, Drama, Film-Noir",7.8,"85        
        Metascore","A major heist goes off as planned, but then double crosses, bad luck and solid police work cause everything to unravel.","Votes:
27,521"
15,"22.
To Have and Have Not
(1944)",(1944),Passed,100 min,"Adventure, Comedy, Film-Noir",7.8,"90        
        Metascore","During World War II, American expatriate Harry Morgan helps transport a French Resistance leader and his beautiful wife to Martinique while romancing a sensuous lounge singer.","Votes:
34,996"
16,"23.
Shadow of a Doubt
(1943)",(1943),Passed,108 min,"Film-Noir, Thriller",7.8,"94        
        Metascore","A teenage girl, overjoyed when her favorite uncle comes to visit the family in their quiet California town, slowly begins to suspect that he is in fact the ""Merry Widow"" killer sought by the authorities.","Votes:
65,834"
17,"25.
Scarface
(1932)",(1932),PG,93 min,"Action, Crime, Drama",7.7,"87        
        Metascore","An ambitious and nearly insane violent gangster climbs the ladder of success in the mob, but his weaknesses prove to be his downfall.","Votes:
28,167"
18,"28.
Spellbound
(1945)",(1945),Approved,111 min,"Film-Noir, Mystery, Romance",7.5,"79        
        Metascore",A psychiatrist protects the identity of an amnesia patient accused of murder while attempting to recover his memory.,"Votes:
48,897
| Gross:
$7.00M"
19,"29.
The Wrong Man
(1956)",(1956),Not Rated,105 min,"Drama, Film-Noir",7.4,"83        
        Metascore","In 1953, an innocent man named Christopher Emanuel ""Manny"" Balestrero is arrested after being mistaken for an armed robber.","Votes:
28,811"
20,"30.
The Stranger
(1946)",(1946),Passed,95 min,"Crime, Drama, Film-Noir",7.3,"76        
        Metascore",An investigator from the War Crimes Commission travels to Connecticut to find an infamous Nazi.,"Votes:
26,755"
21,"31.
Suspicion
(1941)",(1941),Approved,99 min,"Film-Noir, Mystery, Thriller",7.3,"83        
        Metascore","A shy young heiress marries a charming gentleman, and soon begins to suspect he is planning to murder her.","Votes:
38,798
| Gross:
$4.50M"
