,title,year,certificate,time,genre,rating,metascore,simple_desc,votes
0,"1.
Schindler's List
(1993)",(1993),R,195 min,"Biography, Drama, History",9.0,"94        
        Metascore","In German-occupied Poland during World War II, industrialist Oskar Schindler gradually becomes concerned for his Jewish workforce after witnessing their persecution by the Nazis.","Votes:
1,342,611
| Gross:
$96.90M"
1,"2.
Hamilton
(2020)",(2020),PG-13,160 min,"Biography, Drama, History",8.4,"90        
        Metascore","The real life of one of America's foremost founding fathers and first Secretary of the Treasury, Alexander Hamilton. Captured live on Broadway from the Richard Rodgers Theater with the original Broadway cast.","Votes:
93,011"
2,"4.
Braveheart
(1995)",(1995),R,178 min,"Biography, Drama, History",8.4,"68        
        Metascore",Scottish warrior William Wallace leads his countrymen in a rebellion to free his homeland from the tyranny of King Edward I of England.,"Votes:
1,031,571
| Gross:
$75.60M"
3,"7.
Downfall
(2004)",(2004),R,156 min,"Biography, Drama, History",8.2,"82        
        Metascore","Traudl Junge, the final secretary for Adolf Hitler, tells of the Nazi dictator's final days in his Berlin bunker at the end of WWII.","Votes:
354,944
| Gross:
$5.51M"
4,"8.
The Great Escape
(1963)",(1963),Approved,172 min,"Adventure, Drama, History",8.2,"86        
        Metascore",Allied prisoners of war plan for several hundred of their number to escape from a German camp during World War II.,"Votes:
244,200
| Gross:
$12.10M"
5,"10.
Hacksaw Ridge
(2016)",(2016),R,139 min,"Biography, Drama, History",8.1,"71        
        Metascore","World War II American Army Medic Desmond T. Doss, who served during the Battle of Okinawa, refuses to kill people and becomes the first man in American history to receive the Medal of Honor without firing a shot.","Votes:
519,067
| Gross:
$67.21M"
6,"11.
12 Years a Slave
(2013)",(2013),R,134 min,"Biography, Drama, History",8.1,"96        
        Metascore","In the antebellum United States, Solomon Northup, a free black man from upstate New York, is abducted and sold into slavery.","Votes:
697,205
| Gross:
$56.67M"
7,"12.
Hotel Rwanda
(2004)",(2004),PG-13,121 min,"Biography, Drama, History",8.1,"79        
        Metascore","Paul Rusesabagina, a hotel manager, houses over a thousand Tutsi refugees during their struggle against the Hutu militia in Rwanda, Africa.","Votes:
355,178
| Gross:
$23.53M"
8,"16.
Inherit the Wind
(1960)",(1960),Passed,128 min,"Biography, Drama, History",8.1,"75        
        Metascore","Based on a real-life case in 1925, two great lawyers argue the case for and against a Tennessee science teacher accused of the crime of teaching evolution.","Votes:
30,402"
9,"19.
The Revenant
(2015)",(2015),R,156 min,"Action, Adventure, Drama",8.0,"76        
        Metascore",A frontiersman on a fur trading expedition in the 1820s fights for survival after being mauled by a bear and left for dead by members of his own hunting team.,"Votes:
796,420
| Gross:
$183.64M"
10,"20.
The King's Speech
(2010)",(2010),R,118 min,"Biography, Drama, History",8.0,"88        
        Metascore","The story of King George VI, his impromptu ascension to the throne of the British Empire in 1936, and the speech therapist who helped the unsure monarch overcome his stammer.","Votes:
678,809
| Gross:
$138.80M"
11,"21.
Ip Man
(2008)",(2008),R,106 min,"Action, Biography, Drama",8.0,"59        
        Metascore","During the Japanese invasion of China, a wealthy martial artist is forced to leave his home when his city is occupied. With little means of providing for themselves, Ip Man and the remaining members of the city must find a way to survive.","Votes:
223,919"
12,"22.
Persepolis
(2007)",(2007),PG-13,96 min,"Animation, Biography, Drama",8.0,"90        
        Metascore",A precocious and outspoken Iranian girl grows up during the Islamic Revolution.,"Votes:
94,924
| Gross:
$4.45M"
13,"23.
JFK
(1991)",(1991),R,189 min,"Drama, History, Thriller",8.0,"72        
        Metascore",New Orleans District Attorney Jim Garrison discovers there's more to the Kennedy assassination than the official story.,"Votes:
156,309
| Gross:
$70.41M"
14,"24.
The Leopard
(1963)",(1963),PG,186 min,"Drama, History",8.0,"100        
        Metascore","The Prince of Salina, a noble aristocrat of impeccable integrity, tries to preserve his family and class amid the tumultuous social upheavals of 1860s Sicily.","Votes:
26,155"
15,"25.
Battleship Potemkin
(1925)",(1925),Not Rated,66 min,"Drama, History, Thriller",8.0,"97        
        Metascore","In the midst of the Russian Revolution of 1905, the crew of the battleship Potemkin mutiny against the brutal, tyrannical regime of the vessel's officers. The resulting street demonstration in Odessa brings on a police massacre.","Votes:
57,949
| Gross:
$0.05M"
16,"26.
Togo
(2019)",(2019),PG,113 min,"Adventure, Biography, Drama",7.9,"69        
        Metascore","The story of Togo, the sled dog who led the 1925 serum run despite being considered too small and weak to lead such an intense race.","Votes:
48,871"
17,"28.
Letters from Iwo Jima
(2006)",(2006),R,141 min,"Action, Adventure, Drama",7.9,"89        
        Metascore","The story of the battle of Iwo Jima between the United States and Imperial Japan during World War II, as told from the perspective of the Japanese who fought it.","Votes:
163,020
| Gross:
$13.76M"
18,"29.
Hero
(2002)",(2002),PG-13,120 min,"Action, Adventure, Drama",7.9,"85        
        Metascore","A defense officer, Nameless, was summoned by the King of Qin regarding his success of terminating three warriors.","Votes:
181,601
| Gross:
$53.71M"
19,"30.
Kagemusha
(1980)",(1980),PG,162 min,"Drama, History, War",7.9,"84        
        Metascore",A petty thief with an utter resemblance to a samurai warlord is hired as the lord's double. When the warlord later dies the thief is forced to take up arms in his place.,"Votes:
35,830"
20,"31.
All the President's Men
(1976)",(1976),PG,138 min,"Drama, History, Thriller",7.9,"84        
        Metascore","""The Washington Post"" reporters Bob Woodward and Carl Bernstein uncover the details of the Watergate scandal that leads to President Richard Nixon's resignation.","Votes:
115,890
| Gross:
$70.60M"
21,"33.
In Cold Blood
(1967)",(1967),R,134 min,"Biography, Crime, Drama",7.9,"89        
        Metascore","Two ex-cons murder a family in a robbery attempt, before going on the run from the authorities. The police try to piece together the details of the murder in an attempt to track down the killers.","Votes:
26,762"
22,"34.
Spartacus
(1960)",(1960),PG-13,197 min,"Adventure, Biography, Drama",7.9,"87        
        Metascore","The slave Spartacus survives brutal training as a gladiator and leads a violent revolt against the decadent Roman Republic, as the ambitious Crassus seeks to gain power by crushing the uprising.","Votes:
135,188
| Gross:
$30.00M"
23,"36.
Dunkirk
(2017)",(2017),PG-13,106 min,"Action, Drama, History",7.8,"94        
        Metascore","Allied soldiers from Belgium, the British Commonwealth and Empire, and France are surrounded by the German Army and evacuated during a fierce battle in World War II.","Votes:
650,516
| Gross:
$188.37M"
24,"37.
Hidden Figures
(2016)",(2016),PG,127 min,"Biography, Drama, History",7.8,"74        
        Metascore",The story of a team of female African-American mathematicians who served a vital role in NASA during the early years of the U.S. space program.,"Votes:
228,813
| Gross:
$169.61M"
25,"38.
Land of Mine
(2015)",(2015),R,100 min,"Drama, History, War",7.8,"75        
        Metascore","In post-World War II Denmark, a group of young German POWs are forced to clear a beach of thousands of land mines under the watch of a Danish Sergeant who slowly learns to appreciate their plight.","Votes:
41,456
| Gross:
$0.44M"
26,"39.
Pride
(I) (2014)",(I) (2014),R,119 min,"Biography, Comedy, Drama",7.8,"79        
        Metascore",U.K. gay activists work to help miners during their lengthy strike of the National Union of Mineworkers in the summer of 1984.,"Votes:
57,410"
27,"40.
The Big Short
(2015)",(2015),R,130 min,"Biography, Comedy, Drama",7.8,"81        
        Metascore","In 2006-2007 a group of investors bet against the US mortgage market. In their research, they discover how flawed and corrupt the market is.","Votes:
427,914
| Gross:
$70.26M"
28,"41.
Straight Outta Compton
(2015)",(2015),R,147 min,"Biography, Drama, History",7.8,"72        
        Metascore","The rap group NWA emerges from the mean streets of Compton in Los Angeles, California, in the mid-1980s and revolutionizes Hip Hop culture with their music and tales about life in the hood.","Votes:
201,799
| Gross:
$161.20M"
29,"42.
Changeling
(2008)",(2008),R,141 min,"Biography, Crime, Drama",7.8,"63        
        Metascore",Grief-stricken mother Christine Collins (Angelina Jolie) takes on the L.A.P.D. to her own detriment when they try to pass off an obvious impostor as her missing child.,"Votes:
255,638
| Gross:
$35.74M"
30,"43.
Tombstone
(1993)",(1993),R,130 min,"Biography, Drama, History",7.8,"50        
        Metascore","A successful lawman's plans to retire anonymously in Tombstone, Arizona are disrupted by the kind of outlaws he was famous for eliminating.","Votes:
149,180
| Gross:
$56.51M"
31,"44.
Glory
(1989)",(1989),R,122 min,"Biography, Drama, History",7.8,"78        
        Metascore","Robert Gould Shaw leads the U.S. Civil War's first all-black volunteer company, fighting prejudices from both his own Union Army, and the Confederates.","Votes:
135,299
| Gross:
$26.83M"
32,"45.
Mississippi Burning
(1988)",(1988),R,128 min,"Crime, Drama, History",7.8,"65        
        Metascore",Two F.B.I. Agents with wildly different styles arrive in Mississippi to investigate the disappearance of some civil rights activists.,"Votes:
101,119
| Gross:
$34.60M"
33,"46.
The Killing Fields
(1984)",(1984),R,141 min,"Biography, Drama, History",7.8,"76        
        Metascore","A journalist is trapped in Cambodia during tyrant Pol Pot's bloody 'Year Zero' cleansing campaign, which claimed the lives of two million 'undesirable' civilians.","Votes:
55,782
| Gross:
$34.70M"
34,"47.
The Right Stuff
(1983)",(1983),PG,193 min,"Adventure, Biography, Drama",7.8,"91        
        Metascore","The U.S. space program's development from the breaking of the sound barrier to selection of the Mercury 7 astronauts, from a group of test pilots with a more seat-of-the-pants approach than the program's more cautious engineers preferred.","Votes:
61,764
| Gross:
$21.50M"
35,"48.
The Man Who Would Be King
(1975)",(1975),PG,129 min,"Adventure, History, War",7.8,"91        
        Metascore","Two former British soldiers in 1880s India decide to set themselves up as Kings in Kafiristan, a land where no white man has set foot since Alexander the Great.","Votes:
49,249"
36,"50.
The Trial of the Chicago 7
(2020)",(2020),R,129 min,"Drama, History, Thriller",7.7,"76        
        Metascore","The story of 7 people on trial stemming from various charges surrounding the uprising at the 1968 Democratic National Convention in Chicago, Illinois.","Votes:
176,128"
