,title,year,certificate,time,genre,rating,metascore,simple_desc,votes
0,"1.
Alien
(1979)",(1979),R,117 min,"Horror, Sci-Fi",8.5,"89        
        Metascore",The crew of a commercial spacecraft encounter a deadly lifeform after investigating an unknown transmission.,"Votes:
874,006
| Gross:
$78.90M"
1,"2.
Psycho
(1960)",(1960),R,109 min,"Horror, Mystery, Thriller",8.5,"97        
        Metascore","A Phoenix secretary embezzles $40,000 from her employer's client, goes on the run, and checks into a remote motel run by a young man under the domination of his mother.","Votes:
666,427
| Gross:
$32.00M"
2,"3.
The Shining
(1980)",(1980),R,146 min,"Drama, Horror",8.4,"66        
        Metascore","A family heads to an isolated hotel for the winter where a sinister presence influences the father into violence, while his psychic son sees horrific forebodings from both past and future.","Votes:
1,009,557
| Gross:
$44.02M"
3,"5.
The Thing
(1982)",(1982),R,109 min,"Horror, Mystery, Sci-Fi",8.2,"57        
        Metascore",A research team in Antarctica is hunted by a shape-shifting alien that assumes the appearance of its victims.,"Votes:
420,765
| Gross:
$13.78M"
4,"6.
The Exorcist
(1973)",(1973),R,122 min,Horror,8.1,"81        
        Metascore","When a teenage girl is possessed by a mysterious entity, her mother seeks the help of two priests to save her daughter.","Votes:
403,439
| Gross:
$232.91M"
5,"9.
Rosemary's Baby
(1968)",(1968),Approved,137 min,"Drama, Horror",8.0,"96        
        Metascore","A young couple trying for a baby moves into an aging, ornate apartment building on Central Park West, where they find themselves surrounded by peculiar neighbors.","Votes:
215,884"
6,"10.
What Ever Happened to Baby Jane?
(1962)",(1962),Passed,134 min,"Drama, Horror, Thriller",8.0,"75        
        Metascore",A former child star torments her paraplegic sister in their decaying Hollywood mansion.,"Votes:
56,639
| Gross:
$4.05M"
7,"12.
Let the Right One In
(2008)",(2008),R,114 min,"Drama, Fantasy, Horror",7.9,"82        
        Metascore","Oskar, an overlooked and bullied boy, finds love and revenge through Eli, a beautiful but peculiar girl.","Votes:
217,043
| Gross:
$2.12M"
8,"13.
Shaun of the Dead
(2004)",(2004),R,99 min,"Comedy, Horror",7.9,"76        
        Metascore","The uneventful, aimless lives of a London electronics salesman and his layabout roommate are disrupted by the zombie apocalypse.","Votes:
555,904
| Gross:
$13.54M"
9,"14.
King Kong
(1933)",(1933),Passed,100 min,"Adventure, Horror, Sci-Fi",7.9,"90        
        Metascore",A film crew goes to a tropical island for an exotic location shoot and discovers a colossal ape who takes a shine to their female blonde star. He is then captured and brought back to New York City for public exhibition.,"Votes:
85,772
| Gross:
$10.00M"
10,"16.
I Saw the Devil
(2010)",(2010),Not Rated,144 min,"Action, Crime, Drama",7.8,"67        
        Metascore",A secret agent exacts revenge on a serial killer through a series of captures and releases.,"Votes:
130,203
| Gross:
$0.13M"
11,"17.
Predator
(1987)",(1987),R,107 min,"Action, Adventure, Horror",7.8,"47        
        Metascore",A team of commandos on a mission in a Central American jungle find themselves hunted by an extraterrestrial warrior.,"Votes:
421,421
| Gross:
$59.74M"
12,"18.
Dawn of the Dead
(1978)",(1978),Unrated,127 min,"Horror, Thriller",7.8,"71        
        Metascore","Following an ever-growing epidemic of zombies that have risen from the dead, two Philadelphia S.W.A.T. team members, a traffic reporter, and his television executive girlfriend seek refuge in a secluded shopping mall.","Votes:
120,850
| Gross:
$5.10M"
13,"19.
Night of the Living Dead
(1968)",(1968),Not Rated,96 min,"Horror, Thriller",7.8,"89        
        Metascore",A ragtag group of Pennsylvanians barricade themselves in an old farmhouse to remain safe from a horde of flesh-eating ghouls that are ravaging the East Coast of the United States.,"Votes:
128,678
| Gross:
$0.09M"
14,"20.
The Innocents
(1961)",(1961),Not Rated,100 min,Horror,7.8,"88        
        Metascore",A young governess for two children becomes convinced that the house and grounds are haunted.,"Votes:
30,573
| Gross:
$2.62M"
15,"21.
The Bride of Frankenstein
(1935)",(1935),Not Rated,75 min,"Drama, Horror, Sci-Fi",7.8,"95        
        Metascore","Mary Shelley reveals the main characters of her novel survived: Dr. Frankenstein, goaded by an even madder scientist, builds his monster a mate.","Votes:
48,477
| Gross:
$4.36M"
16,"22.
Freaks
(1932)",(1932),Not Rated,64 min,"Drama, Horror",7.8,"80        
        Metascore","A circus' beautiful trapeze artist agrees to marry the leader of side-show performers, but his deformed friends discover she is only marrying him for his inheritance.","Votes:
46,702
| Gross:
$0.63M"
17,"23.
Frankenstein
(1931)",(1931),Passed,70 min,"Drama, Horror, Sci-Fi",7.8,"91        
        Metascore",Dr. Frankenstein dares to tamper with life and death by creating a human monster out of lifeless body parts.,"Votes:
72,750"
18,"24.
Get Out
(I) (2017)",(I) (2017),R,104 min,"Horror, Mystery, Thriller",7.7,"85        
        Metascore","A young African-American visits his white girlfriend's parents for the weekend, where his simmering uneasiness about their reception of him eventually reaches a boiling point.","Votes:
597,766
| Gross:
$176.04M"
19,"25.
Evil Dead II
(1987)",(1987),R,84 min,"Comedy, Horror",7.7,"72        
        Metascore",The lone survivor of an onslaught of flesh-possessing spirits holes up in a cabin with a group of strangers while the demons continue their attack.,"Votes:
164,437
| Gross:
$5.92M"
20,"26.
Halloween
(1978)",(1978),R,91 min,"Horror, Thriller",7.7,"87        
        Metascore","Fifteen years after murdering his sister on Halloween night 1963, Michael Myers escapes from a mental hospital and returns to the small town of Haddonfield, Illinois to kill again.","Votes:
273,434
| Gross:
$47.00M"
21,"27.
Invasion of the Body Snatchers
(1956)",(1956),Approved,80 min,"Drama, Horror, Sci-Fi",7.7,"92        
        Metascore",A small-town doctor learns that the population of his community is being replaced by emotionless alien duplicates.,"Votes:
50,261"
22,"28.
Searching
(III) (2018)",(III) (2018),PG-13,102 min,"Drama, Horror, Mystery",7.6,"71        
        Metascore","After his teenage daughter goes missing, a desperate father tries to find clues on her laptop.","Votes:
162,310
| Gross:
$26.02M"
23,"29.
Train to Busan
(2016)",(2016),Not Rated,118 min,"Action, Horror, Thriller",7.6,"73        
        Metascore","While a zombie virus breaks out in South Korea, passengers struggle to survive on the train from Seoul to Busan.","Votes:
218,391
| Gross:
$2.13M"
24,"30.
What We Do in the Shadows
(2014)",(2014),R,86 min,"Comedy, Horror",7.6,"76        
        Metascore","Viago, Deacon, and Vladislav are vampires who are struggling with the mundane aspects of modern life, like paying rent, keeping up with the chore wheel, trying to get into nightclubs, and overcoming flatmate conflicts.","Votes:
183,684
| Gross:
$3.33M"
25,"31.
The Skin I Live In
(2011)",(2011),R,120 min,"Drama, Horror, Mystery",7.6,"70        
        Metascore","A brilliant plastic surgeon, haunted by past tragedies, creates a type of synthetic skin that withstands any kind of damage. His guinea pig: a mysterious and volatile woman who holds the key to his obsession.","Votes:
152,913
| Gross:
$3.19M"
26,"32.
Zombieland
(2009)",(2009),R,88 min,"Action, Comedy, Horror",7.6,"73        
        Metascore","A shy student trying to reach his family in Ohio, a gun-toting bruiser in search of the last Twinkie and a pair of sisters striving to get to an amusement park join forces in a trek across a zombie-filled America.","Votes:
574,337
| Gross:
$75.59M"
27,"33.
Saw
(2004)",(2004),R,103 min,"Horror, Mystery, Thriller",7.6,"46        
        Metascore","Two strangers awaken in a room with no recollection of how they got there, and soon discover they're pawns in a deadly game perpetrated by a notorious serial killer.","Votes:
419,394
| Gross:
$56.00M"
28,"34.
The Others
(2001)",(2001),PG-13,104 min,"Horror, Mystery, Thriller",7.6,"74        
        Metascore",A woman who lives in her darkened old family house with her two photosensitive children becomes convinced that the home is haunted.,"Votes:
366,141
| Gross:
$96.52M"
29,"35.
Vampire Hunter D: Bloodlust
(2000)",(2000),R,103 min,"Animation, Action, Drama",7.6,"62        
        Metascore","When a girl is abducted by a vampire, a legendary bounty hunter is hired to bring her back.","Votes:
32,311
| Gross:
$0.15M"
30,"36.
American Psycho
(2000)",(2000),R,102 min,"Crime, Drama, Horror",7.6,"64        
        Metascore","A wealthy New York City investment banking executive, Patrick Bateman, hides his alternate psychopathic ego from his co-workers and friends as he delves deeper into his violent, hedonistic fantasies.","Votes:
602,120
| Gross:
$15.07M"
31,"37.
The Fly
(1986)",(1986),R,96 min,"Drama, Horror, Sci-Fi",7.6,"79        
        Metascore",A brilliant but eccentric scientist begins to transform into a giant man/fly hybrid after one of his experiments goes horribly wrong.,"Votes:
182,101
| Gross:
$40.46M"
32,"38.
Repulsion
(1965)",(1965),Not Rated,105 min,"Drama, Horror, Thriller",7.6,"91        
        Metascore",A sex-repulsed woman who disapproves of her sister's boyfriend sinks into depression and has horrific visions of rape and violence.,"Votes:
53,528"
33,"39.
The Birds
(1963)",(1963),PG-13,119 min,"Drama, Horror, Mystery",7.6,"90        
        Metascore",A wealthy San Francisco socialite pursues a potential boyfriend to a small Northern California town that slowly takes a turn for the bizarre when birds of all kinds suddenly begin to attack people.,"Votes:
189,133
| Gross:
$11.40M"
34,"41.
Eyes Without a Face
(1960)",(1960),Not Rated,90 min,"Drama, Horror",7.6,"90        
        Metascore",A surgeon causes an accident which leaves his daughter disfigured and goes to extreme lengths to give her a new face.,"Votes:
31,865
| Gross:
$0.05M"
35,"42.
The Invisible Man
(1933)",(1933),TV-PG,71 min,"Horror, Sci-Fi",7.6,"87        
        Metascore","A scientist finds a way of becoming invisible, but in doing so, he becomes murderously insane.","Votes:
35,403"
36,"44.
A Quiet Place
(2018)",(2018),PG-13,90 min,"Drama, Horror, Sci-Fi",7.5,"82        
        Metascore","In a post-apocalyptic world, a family is forced to live in silence while hiding from monsters with ultra-sensitive hearing.","Votes:
522,463
| Gross:
$188.02M"
37,"45.
Tucker and Dale vs Evil
(2010)",(2010),R,89 min,"Comedy, Horror",7.5,"65        
        Metascore",Affable hillbillies Tucker and Dale are on vacation at their dilapidated mountain cabin when they are mistaken for murderers by a group of preppy college students.,"Votes:
179,588
| Gross:
$0.22M"
38,"46.
The Conjuring
(2013)",(2013),R,112 min,"Horror, Mystery, Thriller",7.5,"68        
        Metascore",Paranormal investigators Ed and Lorraine Warren work to help a family terrorized by a dark presence in their farmhouse.,"Votes:
503,960
| Gross:
$137.40M"
39,"47.
Grindhouse
(2007)",(2007),R,191 min,"Action, Horror, Thriller",7.5,"77        
        Metascore",Quentin Tarantino and Robert Rodriguez's homage to exploitation double features in the '60s and '70s with two back-to-back cult films that include previews of coming attractions between them.,"Votes:
184,965
| Gross:
$25.04M"
40,"48.
28 Days Later...
(2002)",(2002),R,113 min,"Drama, Horror, Sci-Fi",7.5,"73        
        Metascore","Four weeks after a mysterious, incurable virus spreads throughout the UK, a handful of survivors try to find sanctuary.","Votes:
412,761
| Gross:
$45.06M"
41,"49.
Interview with the Vampire: The Vampire Chronicles
(1994)",(1994),R,123 min,"Drama, Fantasy, Horror",7.5,"59        
        Metascore","A vampire tells his epic life story: love, betrayal, loneliness, and hunger.","Votes:
322,240
| Gross:
$105.26M"
42,"50.
The Crow
(1994)",(1994),R,102 min,"Action, Crime, Drama",7.5,"71        
        Metascore",A man brutally murdered comes back to life as an undead avenger of his and his fiancée's murder.,"Votes:
184,149
| Gross:
$50.69M"
