,title,year,certificate,time,genre,rating,metascore,simple_desc,votes
0,"1.
The Lion King
(1994)",(1994),G,88 min,"Animation, Adventure, Drama",8.5,"88        
        Metascore","Lion prince Simba and his father are targeted by his bitter uncle, who wants to ascend the throne himself.","Votes:
1,047,590
| Gross:
$422.78M"
1,"2.
Hamilton
(2020)",(2020),PG-13,160 min,"Biography, Drama, History",8.4,"90        
        Metascore","The real life of one of America's foremost founding fathers and first Secretary of the Treasury, Alexander Hamilton. Captured live on Broadway from the Richard Rodgers Theater with the original Broadway cast.","Votes:
93,011"
2,"3.
Singin' in the Rain
(1952)",(1952),G,103 min,"Comedy, Musical, Romance",8.3,"99        
        Metascore",A silent film star falls for a chorus girl just as he and his delusionally jealous screen partner are trying to make the difficult transition to talking pictures in 1920s Hollywood.,"Votes:
241,612
| Gross:
$8.82M"
3,"6.
Lagaan: Once Upon a Time in India
(2001)",(2001),PG,224 min,"Drama, Musical, Sport",8.1,"84        
        Metascore",The people of a small village in Victorian India stake their future on a game of cricket against their ruthless British rulers.,"Votes:
114,435
| Gross:
$0.07M"
4,"9.
The Sound of Music
(1965)",(1965),G,172 min,"Biography, Drama, Family",8.1,"63        
        Metascore",A young novitiate is sent by her convent in 1930s Austria to become a governess to the seven children of a widowed naval officer.,"Votes:
233,286
| Gross:
$163.21M"
5,"10.
The Wizard of Oz
(1939)",(1939),PG,102 min,"Adventure, Family, Fantasy",8.1,"92        
        Metascore","Young Dorothy Gale and her dog Toto are swept away by a tornado from their Kansas farm to the magical Land of Oz, and embark on a quest with three new friends to see the Wizard, who can return her to her home and fulfill the others' wishes.","Votes:
397,918
| Gross:
$2.08M"
6,"11.
La La Land
(2016)",(2016),PG-13,128 min,"Comedy, Drama, Music",8.0,"94        
        Metascore","While navigating their careers in Los Angeles, a pianist and an actress fall in love while attempting to reconcile their aspirations for the future.","Votes:
581,017
| Gross:
$151.10M"
7,"12.
Aladdin
(1992)",(1992),G,90 min,"Animation, Adventure, Comedy",8.0,"86        
        Metascore",A kindhearted street urchin and a power-hungry Grand Vizier vie for a magic lamp that has the power to make their deepest wishes come true.,"Votes:
416,458
| Gross:
$217.35M"
8,"13.
Beauty and the Beast
(1991)",(1991),G,84 min,"Animation, Family, Fantasy",8.0,"95        
        Metascore",A prince cursed to spend his days as a hideous monster sets out to regain his humanity by earning a young woman's love.,"Votes:
452,914
| Gross:
$218.97M"
9,"14.
Fiddler on the Roof
(1971)",(1971),G,181 min,"Drama, Family, Musical",8.0,"67        
        Metascore","In pre-revolutionary Russia, a Jewish peasant with traditional values contends with marrying off three of his daughters with modern romantic ideals while growing anti-Semitic sentiment threatens his village.","Votes:
43,759
| Gross:
$80.50M"
10,"15.
Kal Ho Naa Ho
(2003)",(2003),Not Rated,186 min,"Comedy, Drama, Musical",7.9,"54        
        Metascore","Naina, an introverted, perpetually depressed girl's life changes when she meets Aman. But Aman has a secret of his own which changes their lives forever. Embroiled in all this is Rohit, Naina's best friend who conceals his love for her.","Votes:
69,534
| Gross:
$1.79M"
11,"16.
Dancer in the Dark
(2000)",(2000),R,140 min,"Crime, Drama, Musical",7.9,"61        
        Metascore",An Eastern European US immigrant with a love for musicals has to cope with the gradual loss of her vision.,"Votes:
110,175
| Gross:
$4.18M"
12,"17.
The Nightmare Before Christmas
(1993)",(1993),PG,76 min,"Animation, Family, Fantasy",7.9,"82        
        Metascore","Jack Skellington, king of Halloween Town, discovers Christmas Town, but his attempts to bring Christmas to his home causes confusion.","Votes:
333,462
| Gross:
$75.08M"
13,"18.
The Blues Brothers
(1980)",(1980),R,133 min,"Action, Adventure, Comedy",7.9,"60        
        Metascore","Jake Blues rejoins with his brother Elwood after being released from prison, but the duo has just days to reunite their old R&B band and save the Catholic home where the two were raised, outrunning the police as they tear through Chicago.","Votes:
199,477
| Gross:
$57.23M"
14,"19.
Veer-Zaara
(2004)",(2004),Not Rated,192 min,"Drama, Family, Musical",7.8,"67        
        Metascore","""Veer-Zaara"" is a saga of love, separation, courage, and sacrifice. A love story that is an inspiration and will remain a legend forever.","Votes:
53,397
| Gross:
$2.92M"
15,"20.
All That Jazz
(1979)",(1979),R,123 min,"Drama, Music, Musical",7.8,"72        
        Metascore","Director/choreographer Bob Fosse tells his own life story as he details the sordid career of Joe Gideon, a womanizing, drug-using dancer.","Votes:
32,158
| Gross:
$37.82M"
16,"21.
Cabaret
(1972)",(1972),PG,124 min,"Drama, Music, Musical",7.8,"80        
        Metascore",A female girlie club entertainer in Weimar Republic era Berlin romances two men while the Nazi Party rises to power around them.,"Votes:
55,352
| Gross:
$42.77M"
17,"22.
Willy Wonka & the Chocolate Factory
(1971)",(1971),G,100 min,"Family, Fantasy, Musical",7.8,"67        
        Metascore",A poor but hopeful boy seeks one of the five coveted golden tickets that will send him on a tour of Willy Wonka's mysterious chocolate factory.,"Votes:
201,265
| Gross:
$4.00M"
18,"23.
The Umbrellas of Cherbourg
(1964)",(1964),Not Rated,91 min,"Drama, Musical, Romance",7.8,"86        
        Metascore",A young woman separated from her lover by war faces a life-altering decision.,"Votes:
27,848
| Gross:
$0.03M"
19,"24.
My Fair Lady
(1964)",(1964),G,170 min,"Drama, Family, Musical",7.8,"95        
        Metascore","In 1910s London, snobbish phonetics professor Henry Higgins agrees to a wager that he can make crude flower girl, Eliza Doolittle, presentable in high society.","Votes:
95,757
| Gross:
$72.00M"
20,"25.
Mary Poppins
(1964)",(1964),G,139 min,"Comedy, Family, Fantasy",7.8,"88        
        Metascore","In turn of the century London, a magical nanny employs music and adventure to help two neglected children become closer to their father.","Votes:
172,544
| Gross:
$102.27M"
21,"27.
Duck Soup
(1933)",(1933),Not Rated,69 min,"Comedy, Musical",7.8,"93        
        Metascore","Rufus T. Firefly is named the dictator of bankrupt Freedonia and declares war on neighboring Sylvania over the love of his wealthy backer Mrs. Teasdale, contending with two inept spies who can't seem to keep straight which side they're on.","Votes:
60,263"
22,"28.
Tangled
(2010)",(2010),PG,100 min,"Animation, Adventure, Comedy",7.7,"71        
        Metascore","The magically long-haired Rapunzel has spent her entire life in a tower, but now that a runaway thief has stumbled upon her, she is about to discover the world for the first time, and who she really is.","Votes:
450,678
| Gross:
$200.82M"
23,"29.
Hedwig and the Angry Inch
(2001)",(2001),R,95 min,"Comedy, Drama, Music",7.7,"85        
        Metascore",A gender-queer punk-rock singer from East Berlin tours the U.S. with her band as she tells her life story and follows the former lover/band-mate who stole her songs.,"Votes:
35,893
| Gross:
$3.03M"
24,"30.
South Park: Bigger, Longer & Uncut
(1999)",(1999),R,81 min,"Animation, Comedy, Fantasy",7.7,"73        
        Metascore","When Stan Marsh and his friends go see an R-rated movie, they start cursing and their parents think that Canada is to blame.","Votes:
204,851
| Gross:
$52.04M"
25,"31.
The Muppet Christmas Carol
(1992)",(1992),G,85 min,"Comedy, Drama, Family",7.7,"64        
        Metascore",The Muppet characters tell their version of the classic tale of an old and bitter miser's redemption on Christmas Eve.,"Votes:
58,359
| Gross:
$27.28M"
26,"32.
Fantasia
(1940)",(1940),G,125 min,"Animation, Family, Fantasy",7.7,"96        
        Metascore","A collection of animated interpretations of great works of Western classical music, ranging from the abstract to depictions of mythology and fantasy, and settings including the prehistoric, supernatural and sacred.","Votes:
96,793
| Gross:
$76.41M"
27,"33.
Moana
(I) (2016)",(I) (2016),PG,107 min,"Animation, Adventure, Comedy",7.6,"81        
        Metascore","In Ancient Polynesia, when a terrible curse incurred by the Demigod Maui reaches Moana's island, she answers the Ocean's call to seek out the Demigod to set things right.","Votes:
332,724
| Gross:
$248.76M"
28,"34.
Moulin Rouge!
(2001)",(2001),PG-13,127 min,"Drama, Musical, Romance",7.6,"66        
        Metascore",A poor Bohemian poet in 1890s Paris falls for a beautiful courtesan and nightclub star coveted by a jealous duke.,"Votes:
285,199
| Gross:
$57.39M"
29,"36.
Mulan
(1998)",(1998),G,88 min,"Animation, Adventure, Comedy",7.6,"71        
        Metascore","To save her father from death in the army, a young maiden secretly goes in his place and becomes one of China's greatest heroines in the process.","Votes:
286,921
| Gross:
$120.62M"
30,"38.
The Little Mermaid
(1989)",(1989),G,83 min,"Animation, Adventure, Comedy",7.6,"88        
        Metascore",A mermaid princess makes a Faustian bargain in an attempt to become human and win a prince's love.,"Votes:
262,607
| Gross:
$111.54M"
31,"39.
The Muppet Movie
(1979)",(1979),G,95 min,"Adventure, Comedy, Family",7.6,"74        
        Metascore","Kermit and his newfound friends trek across America to find success in Hollywood, but a frog legs merchant is after Kermit.","Votes:
36,399
| Gross:
$76.66M"
32,"40.
The Jungle Book
(1967)",(1967),G,78 min,"Animation, Adventure, Comedy",7.6,"65        
        Metascore",Bagheera the Panther and Baloo the Bear have a difficult time trying to convince a boy to leave the jungle for human civilization.,"Votes:
182,931
| Gross:
$141.84M"
33,"41.
West Side Story
(1961)",(1961),Approved,153 min,"Crime, Drama, Musical",7.6,"86        
        Metascore","Two youngsters from rival New York City gangs fall in love, but tensions between their respective friends build toward tragedy.","Votes:
114,231
| Gross:
$43.66M"
34,"42.
Snow White and the Seven Dwarfs
(1937)",(1937),Approved,83 min,"Animation, Adventure, Family",7.6,"95        
        Metascore","Exiled into the dangerous forest by her wicked stepmother, a princess is rescued by seven dwarf miners who make her part of their household.","Votes:
199,363
| Gross:
$184.93M"
35,"43.
tick, tick... BOOM!
(2021)",(2021),PG-13,120 min,"Biography, Drama, Musical",7.5,"74        
        Metascore","On the cusp of his 30th birthday, a promising young theater composer navigates love, friendship and the pressures of life as an artist in New York City.","Votes:
104,153"
36,"44.
Les Misérables
(2012)",(2012),PG-13,158 min,"Drama, Musical, Romance",7.5,"63        
        Metascore","In 19th-century France, Jean Valjean, who for decades has been hunted by the ruthless policeman Javert after breaking parole, agrees to care for a factory worker's daughter. The decision changes their lives forever.","Votes:
329,572
| Gross:
$148.81M"
37,"45.
The Greatest Showman
(2017)",(2017),PG,105 min,"Biography, Drama, Musical",7.5,"48        
        Metascore",Celebrates the birth of show business and tells of a visionary who rose from nothing to create a spectacle that became a worldwide sensation.,"Votes:
279,823
| Gross:
$174.34M"
38,"47.
The Meaning of Life
(1983)",(1983),R,107 min,"Comedy, Musical",7.5,"72        
        Metascore",The comedy team takes a look at life in all of its stages in their own uniquely silly way.,"Votes:
120,209
| Gross:
$14.93M"
39,"48.
Hair
(1979)",(1979),PG,121 min,"Comedy, Drama, Musical",7.5,"68        
        Metascore","Claude Bukowski leaves the family ranch in Oklahoma for New York where he is rapidly embraced into the hippie group of youngsters led by Berger, yet he's already been drafted. He soon falls in love with Sheila Franklin, a rich girl but still a rebel inside.","Votes:
37,930
| Gross:
$15.28M"
40,"50.
Robin Hood
(1973)",(1973),G,83 min,"Animation, Adventure, Comedy",7.5,"57        
        Metascore",The story of the legendary British outlaw is portrayed with the characters as humanoid animals.,"Votes:
127,640
| Gross:
$32.06M"
