,title,year,certificate,time,genre,rating,metascore,simple_desc,votes
0,"1.
Whiplash
(2014)",(2014),R,106 min,"Drama, Music",8.5,"88        
        Metascore",A promising young drummer enrolls at a cut-throat music conservatory where his dreams of greatness are mentored by an instructor who will stop at nothing to realize a student's potential.,"Votes:
843,958
| Gross:
$13.09M"
1,"2.
The Pianist
(2002)",(2002),R,150 min,"Biography, Drama, Music",8.5,"85        
        Metascore",A Polish Jewish musician struggles to survive the destruction of the Warsaw ghetto of World War II.,"Votes:
823,391
| Gross:
$32.57M"
2,"3.
Coco
(I) (2017)",(I) (2017),PG,105 min,"Animation, Adventure, Comedy",8.4,"81        
        Metascore","Aspiring musician Miguel, confronted with his family's ancestral ban on music, enters the Land of the Dead to find his great-great-grandfather, a legendary singer.","Votes:
498,031
| Gross:
$209.73M"
3,"4.
Amadeus
(1984)",(1984),R,160 min,"Biography, Drama, Music",8.4,"88        
        Metascore","The life, success and troubles of Wolfgang Amadeus Mozart, as told by Antonio Salieri, the contemporaneous composer who was insanely jealous of Mozart's talent and claimed to have murdered him.","Votes:
399,521
| Gross:
$51.97M"
4,"6.
Green Book
(2018)",(2018),PG-13,130 min,"Biography, Comedy, Drama",8.2,"69        
        Metascore",A working-class Italian-American bouncer becomes the driver for an African-American classical pianist on a tour of venues through the 1960s American South.,"Votes:
483,205
| Gross:
$85.08M"
5,"7.
Some Like It Hot
(1959)",(1959),Passed,121 min,"Comedy, Music, Romance",8.2,"98        
        Metascore","After two male musicians witness a mob hit, they flee the state in an all-female band disguised as women, but further complications set in.","Votes:
266,619
| Gross:
$25.00M"
6,"8.
Farewell My Concubine
(1993)",(1993),R,171 min,"Drama, Music, Romance",8.1,"83        
        Metascore",Two boys meet at an opera training school in Peking in 1924. Their resulting friendship will span nearly 70 years and will endure some of the most troublesome times in China's history.,"Votes:
29,179
| Gross:
$5.22M"
7,"11.
La La Land
(2016)",(2016),PG-13,128 min,"Comedy, Drama, Music",8.0,"94        
        Metascore","While navigating their careers in Los Angeles, a pianist and an actress fall in love while attempting to reconcile their aspirations for the future.","Votes:
581,017
| Gross:
$151.10M"
8,"12.
Soul
(2020)",(2020),PG,100 min,"Animation, Adventure, Comedy",8.0,"83        
        Metascore","After landing the gig of a lifetime, a New York jazz pianist suddenly finds himself trapped in a strange land between Earth and the afterlife.","Votes:
324,100"
9,"13.
CODA
(2021)",(2021),PG-13,111 min,"Comedy, Drama, Music",8.0,"74        
        Metascore","As a CODA (Child of Deaf Adults) Ruby is the only hearing person in her deaf family. When the family's fishing business is threatened, Ruby finds herself torn between pursuing her passion at Berklee College of Music and her fear of abandoning her parents.","Votes:
127,284"
10,"14.
The Legend of 1900
(1998)",(1998),R,169 min,"Drama, Music, Romance",8.0,"58        
        Metascore","A baby boy, discovered in 1900 on an ocean liner, grows into a musical prodigy, never setting foot on land.","Votes:
64,559
| Gross:
$0.26M"
11,"15.
Pink Floyd: The Wall
(1982)",(1982),R,95 min,"Drama, Fantasy, Music",8.0,"47        
        Metascore",A confined but troubled rock star descends into madness in the midst of his physical and social isolation from everyone.,"Votes:
81,322
| Gross:
$22.24M"
12,"16.
Sing Street
(2016)",(2016),PG-13,106 min,"Comedy, Drama, Music",7.9,"79        
        Metascore",A boy growing up in Dublin during the 1980s escapes his strained family life by starting a band to impress the mysterious girl he likes.,"Votes:
93,829
| Gross:
$3.24M"
13,"17.
Gully Boy
(2019)",(2019),Not Rated,154 min,"Drama, Music, Romance",7.9,"65        
        Metascore",A coming-of-age story based on the lives of street rappers in Mumbai.,"Votes:
39,769
| Gross:
$5.57M"
14,"18.
Bohemian Rhapsody
(2018)",(2018),PG-13,134 min,"Biography, Drama, Music",7.9,"49        
        Metascore","The story of the legendary British rock band Queen and lead singer Freddie Mercury, leading up to their famous performance at Live Aid (1985).","Votes:
533,911
| Gross:
$216.43M"
15,"19.
Almost Famous
(2000)",(2000),R,122 min,"Adventure, Comedy, Drama",7.9,"90        
        Metascore",A high-school boy in the early 1970s is given the chance to write a story for Rolling Stone magazine about an up-and-coming rock band as he accompanies them on their concert tour.,"Votes:
276,024
| Gross:
$32.53M"
16,"20.
Three Colors: Blue
(1993)",(1993),R,94 min,"Drama, Music, Mystery",7.9,"85        
        Metascore",A woman struggles to find a way to live her life after the death of her husband and child.,"Votes:
102,206
| Gross:
$1.32M"
17,"21.
This Is Spinal Tap
(1984)",(1984),R,82 min,"Comedy, Music",7.9,"92        
        Metascore","Spinal Tap, one of England's loudest bands, is chronicled by film director Marty DiBergi on what proves to be a fateful tour.","Votes:
139,944
| Gross:
$4.74M"
18,"22.
The Blues Brothers
(1980)",(1980),R,133 min,"Action, Adventure, Comedy",7.9,"60        
        Metascore","Jake Blues rejoins with his brother Elwood after being released from prison, but the duo has just days to reunite their old R&B band and save the Catholic home where the two were raised, outrunning the police as they tear through Chicago.","Votes:
199,477
| Gross:
$57.23M"
19,"24.
Straight Outta Compton
(2015)",(2015),R,147 min,"Biography, Drama, History",7.8,"72        
        Metascore","The rap group NWA emerges from the mean streets of Compton in Los Angeles, California, in the mid-1980s and revolutionizes Hip Hop culture with their music and tales about life in the hood.","Votes:
201,799
| Gross:
$161.20M"
20,"25.
Once
(I) (2007)",(I) (2007),R,86 min,"Drama, Music, Romance",7.8,"88        
        Metascore","A modern-day musical about a busker and an immigrant and their eventful week in Dublin, as they write, rehearse and record songs that tell their love story.","Votes:
116,813
| Gross:
$9.44M"
21,"26.
The Chorus
(2004)",(2004),PG-13,97 min,"Comedy, Drama, Music",7.8,"56        
        Metascore",The new teacher at a severely administered boys' boarding school works to positively affect the students' lives through music.,"Votes:
62,435
| Gross:
$3.64M"
22,"27.
Walk the Line
(2005)",(2005),PG-13,136 min,"Biography, Drama, Music",7.8,"72        
        Metascore","A chronicle of country music legend Johnny Cash's life, from his early days on an Arkansas cotton farm to his rise to fame with Sun Records in Memphis, where he recorded alongside Elvis Presley, Jerry Lee Lewis, and Carl Perkins.","Votes:
251,285
| Gross:
$119.52M"
23,"28.
All That Jazz
(1979)",(1979),R,123 min,"Drama, Music, Musical",7.8,"72        
        Metascore","Director/choreographer Bob Fosse tells his own life story as he details the sordid career of Joe Gideon, a womanizing, drug-using dancer.","Votes:
32,158
| Gross:
$37.82M"
24,"29.
Cabaret
(1972)",(1972),PG,124 min,"Drama, Music, Musical",7.8,"80        
        Metascore",A female girlie club entertainer in Weimar Republic era Berlin romances two men while the Nazi Party rises to power around them.,"Votes:
55,352
| Gross:
$42.77M"
25,"31.
Sound of Metal
(2019)",(2019),R,120 min,"Drama, Music",7.7,"82        
        Metascore",A heavy-metal drummer's life is thrown into freefall when he begins to lose his hearing.,"Votes:
125,960"
26,"32.
The Broken Circle Breakdown
(2012)",(2012),Not Rated,111 min,"Drama, Music, Romance",7.7,"70        
        Metascore","Elise and Didier fall in love at first sight, in spite of their differences. He talks, she listens. He's a romantic atheist, she's a religious realist. When their daughter becomes seriously ill, their love is put on trial.","Votes:
41,323
| Gross:
$0.18M"
27,"34.
Joyeux Noel
(2005)",(2005),PG-13,116 min,"Drama, History, Music",7.7,"70        
        Metascore","In December 1914, an unofficial Christmas truce on the Western Front allows soldiers from opposing sides of the First World War to gain insight into each other's way of life.","Votes:
29,907
| Gross:
$1.05M"
28,"35.
Ray
(I) (2004)",(I) (2004),PG-13,152 min,"Biography, Drama, Music",7.7,"73        
        Metascore","The story of the life and career of the legendary rhythm and blues musician Ray Charles, from his humble beginnings in the South, where he went blind at age seven, to his meteoric rise to stardom during the 1950s and 1960s.","Votes:
148,234
| Gross:
$75.33M"
29,"36.
Billy Elliot
(2000)",(2000),R,110 min,"Drama, Music",7.7,"74        
        Metascore",A talented young boy becomes torn between his unexpected love of dance and the disintegration of his family.,"Votes:
135,218
| Gross:
$22.00M"
30,"37.
Hedwig and the Angry Inch
(2001)",(2001),R,95 min,"Comedy, Drama, Music",7.7,"85        
        Metascore",A gender-queer punk-rock singer from East Berlin tours the U.S. with her band as she tells her life story and follows the former lover/band-mate who stole her songs.,"Votes:
35,893
| Gross:
$3.03M"
31,"38.
O Brother, Where Art Thou?
(2000)",(2000),PG-13,107 min,"Adventure, Comedy, Crime",7.7,"69        
        Metascore","In the deep south during the 1930s, three escaped convicts search for hidden treasure while a relentless lawman pursues them.","Votes:
311,286
| Gross:
$45.51M"
32,"39.
Shine
(1996)",(1996),PG-13,105 min,"Biography, Drama, Music",7.7,"87        
        Metascore","Pianist David Helfgott, driven by his father and teachers, has a breakdown. Years later he returns to the piano, to popular if not critical acclaim.","Votes:
54,446
| Gross:
$35.81M"
33,"40.
The Double Life of Véronique
(1991)",(1991),R,98 min,"Drama, Fantasy, Music",7.7,"86        
        Metascore","Two parallel stories about two identical women; one living in Poland, the other in France. They don't know each other, but their lives are nevertheless profoundly connected.","Votes:
48,930
| Gross:
$2.00M"
34,"41.
Nashville
(1975)",(1975),R,160 min,"Comedy, Drama, Music",7.7,"96        
        Metascore","Over the course of a few hectic days, numerous interrelated people prepare for a political convention.","Votes:
26,540
| Gross:
$14.82M"
35,"42.
Fantasia
(1940)",(1940),G,125 min,"Animation, Family, Fantasy",7.7,"96        
        Metascore","A collection of animated interpretations of great works of Western classical music, ranging from the abstract to depictions of mythology and fantasy, and settings including the prehistoric, supernatural and sacred.","Votes:
96,793
| Gross:
$76.41M"
36,"43.
Baby Driver
(2017)",(2017),R,113 min,"Action, Crime, Drama",7.6,"86        
        Metascore","After being coerced into working for a crime boss, a young getaway driver finds himself taking part in a heist doomed to fail.","Votes:
530,942
| Gross:
$107.83M"
37,"44.
A Star Is Born
(2018)",(2018),R,136 min,"Drama, Music, Romance",7.6,"88        
        Metascore",A musician helps a young singer find fame as age and alcoholism send his own career into a downward spiral.,"Votes:
381,352
| Gross:
$215.29M"
38,"45.
La Vie en Rose
(2007)",(2007),PG-13,140 min,"Biography, Drama, Music",7.6,"66        
        Metascore","Biopic of the iconic French singer Édith Piaf. Raised by her grandmother in a brothel, she was discovered while singing on a street corner at the age of 19. Despite her success, Piaf's life was filled with tragedy.","Votes:
87,281
| Gross:
$10.30M"
39,"46.
Control
(2007)",(2007),R,122 min,"Biography, Drama, Music",7.6,"78        
        Metascore","A profile of Ian Curtis, the enigmatic singer of Joy Division whose personal, professional, and romantic troubles led him to commit suicide at the age of 23.","Votes:
65,575
| Gross:
$0.87M"
40,"47.
The Red Violin
(1998)",(1998),R,130 min,"Drama, Music, Mystery",7.6,"57        
        Metascore","A red-colored violin inspires passion, making its way through three centuries over several owners and countries, eventually ending up at an auction where it may find a new owner.","Votes:
33,231
| Gross:
$9.47M"
41,"48.
The Commitments
(1991)",(1991),R,118 min,"Comedy, Drama, Music",7.6,"73        
        Metascore","Jimmy Rabbitte, an unemployed Dublin boy, decides to put together a soul band made up entirely of the Irish working class.","Votes:
35,869
| Gross:
$14.92M"
42,"49.
Cold War
(2018)",(2018),R,89 min,"Drama, Music, Romance",7.5,"90        
        Metascore","In the 1950s, a music director falls in love with a singer and tries to persuade her to flee communist Poland for France.","Votes:
57,147
| Gross:
$4.57M"
43,"50.
Elvis
(2022)",(2022),PG-13,159 min,"Biography, Drama, Music",7.5,"64        
        Metascore","The life of American music icon Elvis Presley, from his childhood to becoming a rock and movie star in the 1950s while maintaining a complex relationship with his manager, Colonel Tom Parker.","Votes:
131,338"
