,title,year,certificate,time,genre,rating,metascore,simple_desc,votes
0,"3.
Spirited Away
(2001)",(2001),PG,125 min,"Animation, Adventure, Family",8.6,"96        
        Metascore","During her family's move to the suburbs, a sullen 10-year-old girl wanders into a world ruled by gods, witches, and spirits, and where humans are changed into beasts.","Votes:
753,345
| Gross:
$10.06M"
1,"4.
The Green Mile
(1999)",(1999),R,189 min,"Crime, Drama, Fantasy",8.6,"61        
        Metascore","The lives of guards on Death Row are affected by one of their charges: a black man accused of child murder and rape, yet who has a mysterious gift.","Votes:
1,286,777
| Gross:
$136.80M"
2,"5.
Se7en
(1995)",(1995),R,127 min,"Crime, Drama, Mystery",8.6,"65        
        Metascore","Two detectives, a rookie and a veteran, hunt a serial killer who uses the seven deadly sins as his motives.","Votes:
1,630,937
| Gross:
$100.13M"
3,"6.
Harakiri
(1962)",(1962),Not Rated,133 min,"Action, Drama, Mystery",8.6,"85        
        Metascore","When a ronin requesting seppuku at a feudal lord's palace is told of the brutal suicide of another ronin who previously visited, he reveals how their pasts are intertwined - and in doing so challenges the clan's integrity.","Votes:
56,624"
4,"8.
The Prestige
(2006)",(2006),PG-13,130 min,"Drama, Mystery, Sci-Fi",8.5,"66        
        Metascore","After a tragic accident, two stage magicians in 1890s London engage in a battle to create the ultimate illusion while sacrificing everything they have to outwit each other.","Votes:
1,320,151
| Gross:
$53.09M"
5,"9.
The Usual Suspects
(1995)",(1995),R,106 min,"Crime, Drama, Mystery",8.5,"77        
        Metascore","A sole survivor tells of the twisty events leading up to a horrific gun battle on a boat, which began when five criminals met at a seemingly random police lineup.","Votes:
1,077,248
| Gross:
$23.34M"
6,"10.
Apocalypse Now
(1979)",(1979),R,147 min,"Drama, Mystery, War",8.5,"94        
        Metascore",A U.S. Army officer serving in Vietnam is tasked with assassinating a renegade Special Forces Colonel who sees himself as a god.,"Votes:
663,008
| Gross:
$83.47M"
7,"11.
Psycho
(1960)",(1960),R,109 min,"Horror, Mystery, Thriller",8.5,"97        
        Metascore","A Phoenix secretary embezzles $40,000 from her employer's client, goes on the run, and checks into a remote motel run by a young man under the domination of his mother.","Votes:
666,427
| Gross:
$32.00M"
8,"12.
Rear Window
(1954)",(1954),PG,112 min,"Mystery, Thriller",8.5,"100        
        Metascore","A wheelchair-bound photographer spies on his neighbors from his Greenwich Village courtyard apartment window, and becomes convinced one of them has committed murder, despite the skepticism of his fashion-model girlfriend.","Votes:
488,881
| Gross:
$36.76M"
9,"13.
Coco
(I) (2017)",(I) (2017),PG,105 min,"Animation, Adventure, Comedy",8.4,"81        
        Metascore","Aspiring musician Miguel, confronted with his family's ancestral ban on music, enters the Land of the Dead to find his great-great-grandfather, a legendary singer.","Votes:
498,031
| Gross:
$209.73M"
10,"14.
The Lives of Others
(2006)",(2006),R,137 min,"Drama, Mystery, Thriller",8.4,"89        
        Metascore","In 1984 East Berlin, an agent of the secret police, conducting surveillance on a writer and his lover, finds himself becoming increasingly absorbed by their lives.","Votes:
388,341
| Gross:
$11.29M"
11,"15.
Oldboy
(2003)",(2003),R,120 min,"Action, Drama, Mystery",8.4,"77        
        Metascore","After being kidnapped and imprisoned for fifteen years, Oh Dae-Su is released, only to find that he must find his captor in five days.","Votes:
574,409
| Gross:
$0.71M"
12,"16.
Memento
(2000)",(2000),R,113 min,"Mystery, Thriller",8.4,"80        
        Metascore",A man with short-term memory loss attempts to track down his wife's murderer.,"Votes:
1,228,300
| Gross:
$25.54M"
13,"17.
High and Low
(1963)",(1963),Not Rated,143 min,"Crime, Drama, Mystery",8.4,"90        
        Metascore",An executive of a Yokohama shoe company becomes a victim of extortion when his chauffeur's son is kidnapped by mistake and held for ransom.,"Votes:
44,844"
14,"18.
Witness for the Prosecution
(1957)",(1957),Approved,116 min,"Crime, Drama, Mystery",8.4,"76        
        Metascore",A veteran British barrister must defend his client in a murder trial that has surprise after surprise.,"Votes:
125,139
| Gross:
$8.18M"
15,"20.
Incendies
(2010)",(2010),R,131 min,"Drama, Mystery",8.3,"80        
        Metascore",Twins journey to the Middle East to discover their family history and fulfill their mother's last wishes.,"Votes:
176,749
| Gross:
$6.86M"
16,"21.
North by Northwest
(1959)",(1959),Approved,136 min,"Action, Adventure, Mystery",8.3,"98        
        Metascore","A New York City advertising executive goes on the run after being mistaken for a government agent by a group of foreign spies, and falls for a woman whose loyalties he begins to doubt.","Votes:
326,901
| Gross:
$13.28M"
17,"22.
Vertigo
(1958)",(1958),PG,128 min,"Mystery, Romance, Thriller",8.3,"100        
        Metascore","A former San Francisco police detective juggles wrestling with his personal demons and becoming obsessed with the hauntingly beautiful woman he has been hired to trail, who may be deeply disturbed.","Votes:
400,647
| Gross:
$3.20M"
18,"23.
Double Indemnity
(1944)",(1944),Passed,107 min,"Crime, Drama, Film-Noir",8.3,"95        
        Metascore","A Los Angeles insurance representative lets an alluring housewife seduce him into a scheme of insurance fraud and murder that arouses the suspicion of his colleague, an insurance investigator.","Votes:
157,166
| Gross:
$5.72M"
19,"24.
Citizen Kane
(1941)",(1941),PG,119 min,"Drama, Mystery",8.3,"100        
        Metascore","Following the death of publishing tycoon Charles Foster Kane, reporters scramble to uncover the meaning of his final utterance: 'Rosebud.'","Votes:
440,528
| Gross:
$1.59M"
20,"28.
The Secret in Their Eyes
(2009)",(2009),R,129 min,"Drama, Mystery, Romance",8.2,"80        
        Metascore",A retired legal counselor writes a novel hoping to find closure for one of his past unresolved homicide cases and for his unreciprocated love with his superior - both of which still haunt him decades later.,"Votes:
209,362
| Gross:
$6.39M"
21,"29.
Shutter Island
(2010)",(2010),R,138 min,"Mystery, Thriller",8.2,"63        
        Metascore","In 1954, a U.S. Marshal investigates the disappearance of a murderer who escaped from a hospital for the criminally insane.","Votes:
1,294,820
| Gross:
$128.01M"
22,"30.
The Father
(I) (2020)",(I) (2020),PG-13,97 min,"Drama, Mystery",8.2,"88        
        Metascore","A man refuses all assistance from his daughter as he ages. As he tries to make sense of his changing circumstances, he begins to doubt his loved ones, his own mind and even the fabric of his reality.","Votes:
149,170"
23,"31.
The Sixth Sense
(1999)",(1999),PG-13,107 min,"Drama, Mystery, Thriller",8.2,"64        
        Metascore","A frightened, withdrawn Philadelphia boy who communicates with spirits seeks the help of a disheartened child psychologist.","Votes:
985,298
| Gross:
$293.51M"
24,"32.
L.A. Confidential
(1997)",(1997),R,138 min,"Crime, Drama, Mystery",8.2,"90        
        Metascore","As corruption grows in 1950s Los Angeles, three policemen - one strait-laced, one brutal, and one sleazy - investigate a series of murders with their own brand of justice.","Votes:
580,677
| Gross:
$64.62M"
25,"33.
The Thing
(1982)",(1982),R,109 min,"Horror, Mystery, Sci-Fi",8.2,"57        
        Metascore",A research team in Antarctica is hunted by a shape-shifting alien that assumes the appearance of its victims.,"Votes:
420,765
| Gross:
$13.78M"
26,"34.
Chinatown
(1974)",(1974),R,130 min,"Drama, Mystery, Thriller",8.2,"92        
        Metascore","A private detective hired to expose an adulterer in 1930s Los Angeles finds himself caught up in a web of deceit, corruption, and murder.","Votes:
325,649
| Gross:
$8.49M"
27,"35.
Rashomon
(1950)",(1950),Not Rated,88 min,"Crime, Drama, Mystery",8.2,"98        
        Metascore","The rape of a bride and the murder of her samurai husband are recalled from the perspectives of a bandit, the bride, the samurai's ghost and a woodcutter.","Votes:
168,374
| Gross:
$0.10M"
28,"38.
Gone Girl
(2014)",(2014),R,149 min,"Drama, Mystery, Thriller",8.1,"79        
        Metascore","With his wife's disappearance having become the focus of an intense media circus, a man sees the spotlight turned on him when it's suspected that he may not be innocent.","Votes:
973,501
| Gross:
$167.77M"
29,"40.
Prisoners
(2013)",(2013),R,153 min,"Crime, Drama, Mystery",8.1,"70        
        Metascore","When Keller Dover's daughter and her friend go missing, he takes matters into his own hands as the police pursue multiple leads and the pressure mounts.","Votes:
702,145
| Gross:
$61.00M"
30,"43.
Harry Potter and the Deathly Hallows: Part 2
(2011)",(2011),PG-13,130 min,"Adventure, Family, Fantasy",8.1,"85        
        Metascore","Harry, Ron, and Hermione search for Voldemort's remaining Horcruxes in their effort to destroy the Dark Lord as the final battle rages on at Hogwarts.","Votes:
867,128
| Gross:
$381.01M"
31,"45.
Memories of Murder
(2003)",(2003),Not Rated,132 min,"Crime, Drama, Mystery",8.1,"82        
        Metascore","In a small Korean province in 1986, two detectives struggle with the case of multiple young women being found raped and murdered by an unknown culprit.","Votes:
181,665
| Gross:
$0.01M"
32,"46.
Three Colors: Red
(1994)",(1994),R,99 min,"Drama, Mystery, Romance",8.1,"100        
        Metascore",A model discovers a retired judge is keen on invading people's privacy.,"Votes:
103,295
| Gross:
$4.04M"
33,"48.
The Third Man
(1949)",(1949),Approved,93 min,"Film-Noir, Mystery, Thriller",8.1,"97        
        Metascore","Pulp novelist Holly Martins travels to shadowy, postwar Vienna, only to find himself investigating the mysterious death of an old friend, Harry Lime.","Votes:
171,680
| Gross:
$0.45M"
34,"49.
Rebecca
(1940)",(1940),Approved,130 min,"Drama, Film-Noir, Mystery",8.1,"86        
        Metascore",A self-conscious woman juggles adjusting to her new role as an aristocrat's wife and avoiding being intimidated by his first wife's spectral presence.,"Votes:
137,225
| Gross:
$4.36M"
