,title,year,certificate,time,genre,rating,metascore,simple_desc,votes
0,"1.
Forrest Gump
(1994)",(1994),PG-13,142 min,"Drama, Romance",8.8,"82        
        Metascore","The presidencies of Kennedy and Johnson, the Vietnam War, the Watergate scandal and other historical events unfold from the perspective of an Alabama man with an IQ of 75, whose only desire is to be reunited with his childhood sweetheart.","Votes:
2,051,533
| Gross:
$330.25M"
1,"2.
Life Is Beautiful
(1997)",(1997),PG-13,116 min,"Comedy, Drama, Romance",8.6,"59        
        Metascore","When an open-minded Jewish waiter and his son become victims of the Holocaust, he uses a perfect mixture of will, humor, and imagination to protect his son from the dangers around their camp.","Votes:
689,157
| Gross:
$57.60M"
2,"3.
It's a Wonderful Life
(1946)",(1946),PG,130 min,"Drama, Family, Fantasy",8.6,"89        
        Metascore",An angel is sent from Heaven to help a desperately frustrated businessman by showing him what life would have been like if he had never existed.,"Votes:
452,467"
3,"6.
Cinema Paradiso
(1988)",(1988),R,155 min,"Drama, Romance",8.5,"80        
        Metascore",A filmmaker recalls his childhood when falling in love with the pictures at the cinema of his home village and forms a deep friendship with the cinema's projectionist.,"Votes:
259,761
| Gross:
$11.99M"
4,"7.
Casablanca
(1942)",(1942),PG,102 min,"Drama, Romance, War",8.5,"100        
        Metascore",A cynical expatriate American cafe owner struggles to decide whether or not to help his former lover and her fugitive husband escape the Nazis in French Morocco.,"Votes:
568,388
| Gross:
$1.02M"
5,"8.
Modern Times
(1936)",(1936),G,87 min,"Comedy, Drama, Romance",8.5,"96        
        Metascore",The Tramp struggles to live in modern industrial society with the help of a young homeless woman.,"Votes:
241,558
| Gross:
$0.16M"
6,"9.
City Lights
(1931)",(1931),G,87 min,"Comedy, Drama, Romance",8.5,"99        
        Metascore","With the aid of a wealthy erratic tippler, a dewy-eyed tramp who has fallen in love with a sightless flower girl accumulates money to be able to help her medically.","Votes:
184,344
| Gross:
$0.02M"
7,"10.
Your Name.
(2016)",(2016),PG,106 min,"Animation, Drama, Fantasy",8.4,"79        
        Metascore","Two strangers find themselves linked in a bizarre way. When a connection forms, will distance be the only thing to keep them apart?","Votes:
263,669
| Gross:
$5.02M"
8,"11.
Eternal Sunshine of the Spotless Mind
(2004)",(2004),R,108 min,"Drama, Romance, Sci-Fi",8.3,"89        
        Metascore","When their relationship turns sour, a couple undergoes a medical procedure to have each other erased from their memories.","Votes:
999,136
| Gross:
$34.40M"
9,"12.
Amélie
(2001)",(2001),R,122 min,"Comedy, Romance",8.3,"69        
        Metascore","Amélie is an innocent and naive girl in Paris with her own sense of justice. She decides to help those around her and, along the way, discovers love.","Votes:
753,058
| Gross:
$33.23M"
10,"13.
Good Will Hunting
(1997)",(1997),R,126 min,"Drama, Romance",8.3,"70        
        Metascore","Will Hunting, a janitor at M.I.T., has a gift for mathematics, but needs help from a psychologist to find direction in his life.","Votes:
957,912
| Gross:
$138.43M"
11,"14.
The Apartment
(1960)",(1960),Approved,125 min,"Comedy, Drama, Romance",8.3,"94        
        Metascore","A Manhattan insurance clerk tries to rise in his company by letting its executives use his apartment for trysts, but complications and a romance of his own ensue.","Votes:
181,189
| Gross:
$18.60M"
12,"15.
Vertigo
(1958)",(1958),PG,128 min,"Mystery, Romance, Thriller",8.3,"100        
        Metascore","A former San Francisco police detective juggles wrestling with his personal demons and becoming obsessed with the hauntingly beautiful woman he has been hired to trail, who may be deeply disturbed.","Votes:
400,647
| Gross:
$3.20M"
13,"16.
Singin' in the Rain
(1952)",(1952),G,103 min,"Comedy, Musical, Romance",8.3,"99        
        Metascore",A silent film star falls for a chorus girl just as he and his delusionally jealous screen partner are trying to make the difficult transition to talking pictures in 1920s Hollywood.,"Votes:
241,612
| Gross:
$8.82M"
14,"19.
The Secret in Their Eyes
(2009)",(2009),R,129 min,"Drama, Mystery, Romance",8.2,"80        
        Metascore",A retired legal counselor writes a novel hoping to find closure for one of his past unresolved homicide cases and for his unreciprocated love with his superior - both of which still haunt him decades later.,"Votes:
209,362
| Gross:
$6.39M"
15,"20.
Some Like It Hot
(1959)",(1959),Passed,121 min,"Comedy, Music, Romance",8.2,"98        
        Metascore","After two male musicians witness a mob hit, they flee the state in an all-female band disguised as women, but further complications set in.","Votes:
266,619
| Gross:
$25.00M"
16,"21.
To Be or Not to Be
(1942)",(1942),Passed,99 min,"Comedy, Romance, War",8.2,"86        
        Metascore","During the Nazi occupation of Poland, an acting troupe becomes embroiled in a Polish soldier's efforts to track down a German spy.","Votes:
37,438"
17,"22.
Gone with the Wind
(1939)",(1939),Passed,238 min,"Drama, Romance, War",8.2,"97        
        Metascore",The manipulative daughter of a Georgia plantation owner conducts a turbulent romance with a roguish profiteer during the American Civil War and Reconstruction periods.,"Votes:
314,828
| Gross:
$198.68M"
18,"24.
Portrait of a Lady on Fire
(2019)",(2019),R,122 min,"Drama, Romance",8.1,"95        
        Metascore","On an isolated island in Brittany at the end of the eighteenth century, a female painter is obliged to paint a wedding portrait of a young woman.","Votes:
90,326
| Gross:
$3.76M"
19,"26.
The Handmaiden
(2016)",(2016),Not Rated,145 min,"Drama, Romance, Thriller",8.1,"84        
        Metascore","A woman is hired as a handmaiden to a Japanese heiress, but secretly she is involved in a plot to defraud her.","Votes:
145,651
| Gross:
$2.01M"
20,"28.
Before Sunset
(2004)",(2004),R,80 min,"Drama, Romance",8.1,"90        
        Metascore","Nine years after Jesse and Celine first met, they encounter each other again on the French leg of Jesse's book tour.","Votes:
263,151
| Gross:
$5.82M"
21,"30.
In the Mood for Love
(2000)",(2000),PG,98 min,"Drama, Romance",8.1,"85        
        Metascore","Two neighbors form a strong bond after both suspect extramarital activities of their spouses. However, they agree to keep their bond platonic so as not to commit similar wrongs.","Votes:
149,228
| Gross:
$2.73M"
22,"31.
Before Sunrise
(1995)",(1995),R,101 min,"Drama, Romance",8.1,"77        
        Metascore","A young man and woman meet on a train in Europe, and wind up spending one evening together in Vienna. Unfortunately, both know that this will probably be their only night together.","Votes:
306,360
| Gross:
$5.54M"
23,"32.
Three Colors: Red
(1994)",(1994),R,99 min,"Drama, Mystery, Romance",8.1,"100        
        Metascore",A model discovers a retired judge is keen on invading people's privacy.,"Votes:
103,295
| Gross:
$4.04M"
24,"33.
Groundhog Day
(1993)",(1993),PG,101 min,"Comedy, Drama, Fantasy",8.1,"72        
        Metascore","A narcissistic, self-centered weatherman finds himself in a time loop on Groundhog Day, and the day keeps repeating until he gets it right.","Votes:
627,203
| Gross:
$70.91M"
25,"34.
Farewell My Concubine
(1993)",(1993),R,171 min,"Drama, Music, Romance",8.1,"83        
        Metascore",Two boys meet at an opera training school in Peking in 1924. Their resulting friendship will span nearly 70 years and will endure some of the most troublesome times in China's history.,"Votes:
29,179
| Gross:
$5.22M"
26,"36.
A Woman Under the Influence
(1974)",(1974),R,155 min,"Drama, Romance",8.1,"88        
        Metascore","Although wife and mother Mabel is loved by her husband Nick, her mental illness places a strain on the marriage.","Votes:
25,395
| Gross:
$13.34M"
27,"37.
The Sound of Music
(1965)",(1965),G,172 min,"Biography, Drama, Family",8.1,"63        
        Metascore",A young novitiate is sent by her convent in 1930s Austria to become a governess to the seven children of a widowed naval officer.,"Votes:
233,286
| Gross:
$163.21M"
28,"38.
Wild Strawberries
(1957)",(1957),Not Rated,91 min,"Drama, Romance",8.1,"88        
        Metascore","After living a life marked by coldness, an aging professor is forced to confront the emptiness of his existence.","Votes:
107,426"
29,"40.
The Best Years of Our Lives
(1946)",(1946),Approved,170 min,"Drama, Romance, War",8.1,"93        
        Metascore","Three World War II veterans, two of them traumatized or disabled, return home to the American midwest to discover that they and their families have been irreparably changed.","Votes:
64,696
| Gross:
$23.65M"
30,"41.
Rebecca
(1940)",(1940),Approved,130 min,"Drama, Film-Noir, Mystery",8.1,"86        
        Metascore",A self-conscious woman juggles adjusting to her new role as an aristocrat's wife and avoiding being intimidated by his first wife's spectral presence.,"Votes:
137,225
| Gross:
$4.36M"
31,"42.
It Happened One Night
(1934)",(1934),Passed,105 min,"Comedy, Romance",8.1,"87        
        Metascore","A renegade reporter trailing a young runaway heiress for a big story joins her on a bus heading from Florida to New York, and they end up stuck with each other when the bus leaves them behind at one of the stops.","Votes:
104,019
| Gross:
$4.36M"
32,"43.
The Circus
(1928)",(1928),Passed,72 min,"Comedy, Family, Romance",8.1,"90        
        Metascore",The Tramp finds work and the girl of his dreams at a circus.,"Votes:
33,908"
33,"46.
La La Land
(2016)",(2016),PG-13,128 min,"Comedy, Drama, Music",8.0,"94        
        Metascore","While navigating their careers in Los Angeles, a pianist and an actress fall in love while attempting to reconcile their aspirations for the future.","Votes:
581,017
| Gross:
$151.10M"
34,"47.
Her
(2013)",(2013),R,126 min,"Drama, Romance, Sci-Fi",8.0,"91        
        Metascore","In a near future, a lonely writer develops an unlikely relationship with an operating system designed to meet his every need.","Votes:
607,817
| Gross:
$25.57M"
35,"48.
Slumdog Millionaire
(2008)",(2008),R,120 min,"Crime, Drama, Romance",8.0,"84        
        Metascore","A Mumbai teenager reflects on his life after being accused of cheating on the Indian version of ""Who Wants to be a Millionaire?"".","Votes:
842,342
| Gross:
$141.32M"
36,"50.
Spring, Summer, Fall, Winter... and Spring
(2003)",(2003),R,103 min,"Drama, Romance",8.0,"85        
        Metascore",A boy is raised by a Buddhist monk in an isolated floating temple where the years pass like the seasons.,"Votes:
83,148
| Gross:
$2.38M"
