,title,year,certificate,time,genre,rating,metascore,simple_desc,votes
0,"1.
Inception
(2010)",(2010),PG-13,148 min,"Action, Adventure, Sci-Fi",8.8,"74        
        Metascore","A thief who steals corporate secrets through the use of dream-sharing technology is given the inverse task of planting an idea into the mind of a C.E.O., but his tragic past may doom the project and his team to disaster.","Votes:
2,323,117
| Gross:
$292.58M"
1,"2.
The Matrix
(1999)",(1999),R,136 min,"Action, Sci-Fi",8.7,"73        
        Metascore","When a beautiful stranger leads computer hacker Neo to a forbidding underworld, he discovers the shocking truth--the life he knows is the elaborate deception of an evil cyber-intelligence.","Votes:
1,894,282
| Gross:
$171.48M"
2,"3.
Star Wars: Episode V - The Empire Strikes Back
(1980)",(1980),PG,124 min,"Action, Adventure, Fantasy",8.7,"82        
        Metascore","After the Rebels are brutally overpowered by the Empire on the ice planet Hoth, Luke Skywalker begins Jedi training with Yoda, while his friends are pursued across the galaxy by Darth Vader and bounty hunter Boba Fett.","Votes:
1,280,053
| Gross:
$290.48M"
3,"4.
Interstellar
(2014)",(2014),PG-13,169 min,"Adventure, Drama, Sci-Fi",8.6,"74        
        Metascore",A team of explorers travel through a wormhole in space in an attempt to ensure humanity's survival.,"Votes:
1,793,211
| Gross:
$188.02M"
4,"5.
Terminator 2: Judgment Day
(1991)",(1991),R,137 min,"Action, Sci-Fi",8.6,"75        
        Metascore","A cyborg, identical to the one who failed to kill Sarah Connor, must now protect her ten-year-old son John from a more advanced and powerful cyborg.","Votes:
1,089,229
| Gross:
$204.84M"
5,"6.
Star Wars
(1977)",(1977),PG,121 min,"Action, Adventure, Fantasy",8.6,"90        
        Metascore","Luke Skywalker joins forces with a Jedi Knight, a cocky pilot, a Wookiee and two droids to save the galaxy from the Empire's world-destroying battle station, while also attempting to rescue Princess Leia from the mysterious Darth Vader.","Votes:
1,352,750
| Gross:
$322.74M"
6,"7.
The Prestige
(2006)",(2006),PG-13,130 min,"Drama, Mystery, Sci-Fi",8.5,"66        
        Metascore","After a tragic accident, two stage magicians in 1890s London engage in a battle to create the ultimate illusion while sacrificing everything they have to outwit each other.","Votes:
1,320,151
| Gross:
$53.09M"
7,"8.
Back to the Future
(1985)",(1985),PG,116 min,"Adventure, Comedy, Sci-Fi",8.5,"87        
        Metascore","Marty McFly, a 17-year-old high school student, is accidentally sent 30 years into the past in a time-traveling DeLorean invented by his close friend, the maverick scientist Doc Brown.","Votes:
1,189,967
| Gross:
$210.61M"
8,"9.
Alien
(1979)",(1979),R,117 min,"Horror, Sci-Fi",8.5,"89        
        Metascore",The crew of a commercial spacecraft encounter a deadly lifeform after investigating an unknown transmission.,"Votes:
874,006
| Gross:
$78.90M"
9,"10.
Spider-Man: Into the Spider-Verse
(2018)",(2018),PG,117 min,"Animation, Action, Adventure",8.4,"87        
        Metascore","Teen Miles Morales becomes the Spider-Man of his universe, and must join with five spider-powered individuals from other dimensions to stop a threat for all realities.","Votes:
517,628
| Gross:
$190.24M"
10,"11.
Avengers: Endgame
(2019)",(2019),PG-13,181 min,"Action, Adventure, Drama",8.4,"78        
        Metascore","After the devastating events of Avengers: Infinity War (2018), the universe is in ruins. With the help of remaining allies, the Avengers assemble once more in order to reverse Thanos' actions and restore balance to the universe.","Votes:
1,107,336
| Gross:
$858.37M"
11,"12.
Avengers: Infinity War
(2018)",(2018),PG-13,149 min,"Action, Adventure, Sci-Fi",8.4,"68        
        Metascore",The Avengers and their allies must be willing to sacrifice all in an attempt to defeat the powerful Thanos before his blitz of devastation and ruin puts an end to the universe.,"Votes:
1,061,315
| Gross:
$678.82M"
12,"13.
WALL·E
(2008)",(2008),G,98 min,"Animation, Adventure, Family",8.4,"95        
        Metascore","In the distant future, a small waste-collecting robot inadvertently embarks on a space journey that will ultimately decide the fate of mankind.","Votes:
1,106,240
| Gross:
$223.81M"
13,"14.
Aliens
(1986)",(1986),R,137 min,"Action, Adventure, Sci-Fi",8.4,"84        
        Metascore","Fifty-seven years after surviving an apocalyptic attack aboard her space vessel by merciless space creatures, Officer Ripley awakens from hyper-sleep and tries to warn anyone who will listen about the predators.","Votes:
712,780
| Gross:
$85.16M"
14,"15.
Spider-Man: No Way Home
(2021)",(2021),PG-13,148 min,"Action, Adventure, Fantasy",8.3,"71        
        Metascore","With Spider-Man's identity now revealed, Peter asks Doctor Strange for help. When a spell goes wrong, dangerous foes from other worlds start to appear, forcing Peter to discover what it truly means to be Spider-Man.","Votes:
733,579
| Gross:
$804.75M"
15,"16.
Eternal Sunshine of the Spotless Mind
(2004)",(2004),R,108 min,"Drama, Romance, Sci-Fi",8.3,"89        
        Metascore","When their relationship turns sour, a couple undergoes a medical procedure to have each other erased from their memories.","Votes:
999,136
| Gross:
$34.40M"
16,"17.
Star Wars: Episode VI - Return of the Jedi
(1983)",(1983),PG,131 min,"Action, Adventure, Fantasy",8.3,"58        
        Metascore","After a daring mission to rescue Han Solo from Jabba the Hutt, the Rebels dispatch to Endor to destroy the second Death Star. Meanwhile, Luke struggles to help Darth Vader back from the dark side without falling into the Emperor's trap.","Votes:
1,045,181
| Gross:
$309.13M"
17,"18.
A Clockwork Orange
(1971)",(1971),R,136 min,"Crime, Sci-Fi",8.3,"77        
        Metascore","In the future, a sadistic gang leader is imprisoned and volunteers for a conduct-aversion experiment, but it doesn't go as planned.","Votes:
824,089
| Gross:
$6.21M"
18,"19.
2001: A Space Odyssey
(1968)",(1968),G,149 min,"Adventure, Sci-Fi",8.3,"84        
        Metascore","After uncovering a mysterious artifact buried beneath the Lunar surface, a spacecraft is sent to Jupiter to find its origins - a spacecraft manned by two men and the supercomputer H.A.L. 9000.","Votes:
664,152
| Gross:
$56.95M"
19,"20.
Metropolis
(1927)",(1927),Not Rated,153 min,"Drama, Sci-Fi",8.3,"98        
        Metascore","In a futuristic city sharply divided between the working class and the city planners, the son of the city's mastermind falls in love with a working-class prophet who predicts the coming of a savior to mediate their differences.","Votes:
174,125
| Gross:
$1.24M"
20,"21.
V for Vendetta
(2005)",(2005),R,132 min,"Action, Drama, Sci-Fi",8.2,"62        
        Metascore","In a future British dystopian society, a shadowy freedom fighter, known only by the alias of ""V"", plots to overthrow the tyrannical government - with the help of a young woman.","Votes:
1,114,765
| Gross:
$70.51M"
21,"22.
Jurassic Park
(1993)",(1993),PG-13,127 min,"Action, Adventure, Sci-Fi",8.2,"68        
        Metascore",A pragmatic paleontologist touring an almost complete theme park on an island in Central America is tasked with protecting a couple of kids after a power failure causes the park's cloned dinosaurs to run loose.,"Votes:
980,479
| Gross:
$402.45M"
22,"23.
The Thing
(1982)",(1982),R,109 min,"Horror, Mystery, Sci-Fi",8.2,"57        
        Metascore",A research team in Antarctica is hunted by a shape-shifting alien that assumes the appearance of its victims.,"Votes:
420,765
| Gross:
$13.78M"
23,"24.
Everything Everywhere All at Once
(2022)",(2022),R,139 min,"Action, Adventure, Comedy",8.1,"81        
        Metascore","An aging Chinese immigrant is swept up in an insane adventure, in which she alone can save the world by exploring other universes connecting with the lives she could have led.","Votes:
218,264"
24,"25.
Logan
(2017)",(2017),R,137 min,"Action, Drama, Sci-Fi",8.1,"77        
        Metascore","In a future where mutants are nearly extinct, an elderly and weary Logan leads a quiet life. But when Laura, a mutant child pursued by scientists, comes to him for help, he must get her to safety.","Votes:
753,863
| Gross:
$226.28M"
25,"27.
Mad Max: Fury Road
(2015)",(2015),R,120 min,"Action, Adventure, Sci-Fi",8.1,"90        
        Metascore","In a post-apocalyptic wasteland, a woman rebels against a tyrannical ruler in search for her homeland with the aid of a group of female prisoners, a psychotic worshiper, and a drifter named Max.","Votes:
992,555
| Gross:
$154.06M"
26,"28.
The Iron Giant
(1999)",(1999),PG,86 min,"Animation, Action, Adventure",8.1,"85        
        Metascore",A young boy befriends a giant robot from outer space that a paranoid government agent wants to destroy.,"Votes:
195,790
| Gross:
$23.16M"
27,"29.
The Terminator
(1984)",(1984),R,107 min,"Action, Sci-Fi",8.1,"84        
        Metascore","A human soldier is sent from 2029 to 1984 to stop an almost indestructible cyborg killing machine, sent from the same year, which has been programmed to execute a young woman whose unborn son is the key to humanity's future salvation.","Votes:
859,011
| Gross:
$38.40M"
28,"30.
Blade Runner
(1982)",(1982),R,117 min,"Action, Drama, Sci-Fi",8.1,"84        
        Metascore","A blade runner must pursue and terminate four replicants who stole a ship in space, and have returned to Earth to find their creator.","Votes:
763,957
| Gross:
$32.87M"
29,"32.
The Martian
(2015)",(2015),PG-13,144 min,"Adventure, Drama, Sci-Fi",8.0,"80        
        Metascore","An astronaut becomes stranded on Mars after his team assume him dead, and must rely on his ingenuity to find a way to signal to Earth that he is alive and can survive until a potential rescue.","Votes:
846,100
| Gross:
$228.43M"
30,"33.
Guardians of the Galaxy
(2014)",(2014),PG-13,121 min,"Action, Adventure, Comedy",8.0,"76        
        Metascore",A group of intergalactic criminals must pull together to stop a fanatical warrior with plans to purge the universe.,"Votes:
1,167,002
| Gross:
$333.18M"
31,"34.
Blade Runner 2049
(2017)",(2017),R,164 min,"Action, Drama, Mystery",8.0,"81        
        Metascore","Young Blade Runner K's discovery of a long-buried secret leads him to track down former Blade Runner Rick Deckard, who's been missing for thirty years.","Votes:
562,600
| Gross:
$92.05M"
32,"35.
Her
(2013)",(2013),R,126 min,"Drama, Romance, Sci-Fi",8.0,"91        
        Metascore","In a near future, a lonely writer develops an unlikely relationship with an operating system designed to meet his every need.","Votes:
607,817
| Gross:
$25.57M"
33,"36.
Deadpool
(2016)",(2016),R,108 min,"Action, Adventure, Comedy",8.0,"65        
        Metascore","A wisecracking mercenary gets experimented on and becomes immortal but ugly, and sets out to track down the man who ruined his looks.","Votes:
1,025,115
| Gross:
$363.07M"
34,"37.
Zack Snyder's Justice League
(2021)",(2021),R,242 min,"Action, Adventure, Fantasy",8.0,"54        
        Metascore","Determined to ensure that Superman's ultimate sacrifice wasn't in vain, Bruce Wayne recruits a team of metahumans to protect the world from an approaching threat of catastrophic proportions.","Votes:
391,301"
35,"38.
Dune
(2021)",(2021),PG-13,155 min,"Action, Adventure, Drama",8.0,"74        
        Metascore",A noble family becomes embroiled in a war for control over the galaxy's most valuable asset while its heir becomes troubled by visions of a dark future.,"Votes:
616,956
| Gross:
$108.33M"
36,"39.
The Avengers
(2012)",(2012),PG-13,143 min,"Action, Adventure, Sci-Fi",8.0,"69        
        Metascore",Earth's mightiest heroes must come together and learn to fight as a team if they are going to stop the mischievous Loki and his alien army from enslaving humanity.,"Votes:
1,380,490
| Gross:
$623.28M"
37,"41.
Donnie Darko
(2001)",(2001),R,113 min,"Drama, Mystery, Sci-Fi",8.0,"88        
        Metascore","After narrowly escaping a bizarre accident, a troubled teenager is plagued by visions of a man in a large rabbit suit who manipulates him to commit a series of crimes.","Votes:
796,700
| Gross:
$1.48M"
38,"43.
12 Monkeys
(1995)",(1995),R,129 min,"Mystery, Sci-Fi, Thriller",8.0,"74        
        Metascore","In a future world devastated by disease, a convict is sent back in time to gather information about the man-made virus that wiped out most of the human population on the planet.","Votes:
616,163
| Gross:
$57.14M"
39,"44.
Akira
(1988)",(1988),R,124 min,"Animation, Action, Drama",8.0,"67        
        Metascore","A secret military project endangers Neo-Tokyo when it turns a biker gang member into a rampaging psychic psychopath who can only be stopped by a teenager, his gang of biker friends and a group of psychics.","Votes:
185,971
| Gross:
$0.55M"
40,"45.
Nausicaä of the Valley of the Wind
(1984)",(1984),PG,117 min,"Animation, Adventure, Sci-Fi",8.0,"86        
        Metascore",Warrior and pacifist Princess Nausicaä desperately struggles to prevent two warring nations from destroying themselves and their dying planet.,"Votes:
169,100
| Gross:
$0.50M"
41,"46.
Solaris
(1972)",(1972),PG,167 min,"Drama, Mystery, Sci-Fi",8.0,"90        
        Metascore",A psychologist is sent to a station orbiting a distant planet in order to discover what has caused the crew to go insane.,"Votes:
91,395"
42,"47.
Planet of the Apes
(1968)",(1968),G,112 min,"Adventure, Sci-Fi",8.0,"79        
        Metascore","An astronaut crew crash-lands on a planet in the distant future where intelligent talking apes are the dominant species, and humans are the oppressed and enslaved.","Votes:
180,301
| Gross:
$33.40M"
43,"49.
Thor: Ragnarok
(2017)",(2017),PG-13,130 min,"Action, Adventure, Comedy",7.9,"74        
        Metascore","Imprisoned on the planet Sakaar, Thor must race against time to return to Asgard and stop Ragnarök, the destruction of his world, at the hands of the powerful and ruthless villain Hela.","Votes:
742,047
| Gross:
$315.06M"
44,"50.
Arrival
(II) (2016)",(II) (2016),PG-13,116 min,"Drama, Mystery, Sci-Fi",7.9,"81        
        Metascore",A linguist works with the military to communicate with alien lifeforms after twelve mysterious spacecraft appear around the world.,"Votes:
686,792
| Gross:
$100.55M"
