,title,year,certificate,time,genre,rating,metascore,simple_desc,votes
0,"2.
The Dark Knight
(2008)",(2008),PG-13,152 min,"Action, Crime, Drama",9.0,"84        
        Metascore","When the menace known as the Joker wreaks havoc and chaos on the people of Gotham, Batman must accept one of the greatest psychological and physical tests of his ability to fight injustice.","Votes:
2,621,156
| Gross:
$534.86M"
1,"3.
Inception
(2010)",(2010),PG-13,148 min,"Action, Adventure, Sci-Fi",8.8,"74        
        Metascore","A thief who steals corporate secrets through the use of dream-sharing technology is given the inverse task of planting an idea into the mind of a C.E.O., but his tragic past may doom the project and his team to disaster.","Votes:
2,323,117
| Gross:
$292.58M"
2,"4.
Se7en
(1995)",(1995),R,127 min,"Crime, Drama, Mystery",8.6,"65        
        Metascore","Two detectives, a rookie and a veteran, hunt a serial killer who uses the seven deadly sins as his motives.","Votes:
1,630,937
| Gross:
$100.13M"
3,"5.
The Silence of the Lambs
(1991)",(1991),R,118 min,"Crime, Drama, Thriller",8.6,"85        
        Metascore","A young F.B.I. cadet must receive the help of an incarcerated and manipulative cannibal killer to help catch another serial killer, a madman who skins his victims.","Votes:
1,416,367
| Gross:
$130.74M"
4,"7.
Parasite
(2019)",(2019),R,132 min,"Drama, Thriller",8.5,"96        
        Metascore",Greed and class discrimination threaten the newly formed symbiotic relationship between the wealthy Park family and the destitute Kim clan.,"Votes:
781,922
| Gross:
$53.37M"
5,"8.
The Prestige
(2006)",(2006),PG-13,130 min,"Drama, Mystery, Sci-Fi",8.5,"66        
        Metascore","After a tragic accident, two stage magicians in 1890s London engage in a battle to create the ultimate illusion while sacrificing everything they have to outwit each other.","Votes:
1,320,151
| Gross:
$53.09M"
6,"9.
The Departed
(2006)",(2006),R,151 min,"Crime, Drama, Thriller",8.5,"85        
        Metascore",An undercover cop and a mole in the police attempt to identify each other while infiltrating an Irish gang in South Boston.,"Votes:
1,312,767
| Gross:
$132.38M"
7,"10.
The Usual Suspects
(1995)",(1995),R,106 min,"Crime, Drama, Mystery",8.5,"77        
        Metascore","A sole survivor tells of the twisty events leading up to a horrific gun battle on a boat, which began when five criminals met at a seemingly random police lineup.","Votes:
1,077,248
| Gross:
$23.34M"
8,"11.
Léon: The Professional
(1994)",(1994),R,110 min,"Action, Crime, Drama",8.5,"64        
        Metascore","12-year-old Mathilda is reluctantly taken in by Léon, a professional assassin, after her family is murdered. An unusual relationship forms as she becomes his protégée and learns the assassin's trade.","Votes:
1,149,889
| Gross:
$19.50M"
9,"12.
Psycho
(1960)",(1960),R,109 min,"Horror, Mystery, Thriller",8.5,"97        
        Metascore","A Phoenix secretary embezzles $40,000 from her employer's client, goes on the run, and checks into a remote motel run by a young man under the domination of his mother.","Votes:
666,427
| Gross:
$32.00M"
10,"13.
Rear Window
(1954)",(1954),PG,112 min,"Mystery, Thriller",8.5,"100        
        Metascore","A wheelchair-bound photographer spies on his neighbors from his Greenwich Village courtyard apartment window, and becomes convinced one of them has committed murder, despite the skepticism of his fashion-model girlfriend.","Votes:
488,881
| Gross:
$36.76M"
11,"15.
Joker
(I) (2019)",(I) (2019),R,122 min,"Crime, Drama, Thriller",8.4,"59        
        Metascore",A mentally troubled stand-up comedian embarks on a downward spiral that leads to the creation of an iconic villain.,"Votes:
1,250,598
| Gross:
$335.45M"
12,"18.
The Lives of Others
(2006)",(2006),R,137 min,"Drama, Mystery, Thriller",8.4,"89        
        Metascore","In 1984 East Berlin, an agent of the secret police, conducting surveillance on a writer and his lover, finds himself becoming increasingly absorbed by their lives.","Votes:
388,341
| Gross:
$11.29M"
13,"19.
Oldboy
(2003)",(2003),R,120 min,"Action, Drama, Mystery",8.4,"77        
        Metascore","After being kidnapped and imprisoned for fifteen years, Oh Dae-Su is released, only to find that he must find his captor in five days.","Votes:
574,409
| Gross:
$0.71M"
14,"20.
Memento
(2000)",(2000),R,113 min,"Mystery, Thriller",8.4,"80        
        Metascore",A man with short-term memory loss attempts to track down his wife's murderer.,"Votes:
1,228,300
| Gross:
$25.54M"
15,"22.
Aliens
(1986)",(1986),R,137 min,"Action, Adventure, Sci-Fi",8.4,"84        
        Metascore","Fifty-seven years after surviving an apocalyptic attack aboard her space vessel by merciless space creatures, Officer Ripley awakens from hyper-sleep and tries to warn anyone who will listen about the predators.","Votes:
712,780
| Gross:
$85.16M"
16,"23.
High and Low
(1963)",(1963),Not Rated,143 min,"Crime, Drama, Mystery",8.4,"90        
        Metascore",An executive of a Yokohama shoe company becomes a victim of extortion when his chauffeur's son is kidnapped by mistake and held for ransom.,"Votes:
44,844"
17,"24.
Witness for the Prosecution
(1957)",(1957),Approved,116 min,"Crime, Drama, Mystery",8.4,"76        
        Metascore",A veteran British barrister must defend his client in a murder trial that has surprise after surprise.,"Votes:
125,139
| Gross:
$8.18M"
18,"28.
Reservoir Dogs
(1992)",(1992),R,99 min,"Crime, Thriller",8.3,"79        
        Metascore","When a simple jewelry heist goes horribly wrong, the surviving criminals begin to suspect that one of them is a police informant.","Votes:
1,009,298
| Gross:
$2.83M"
19,"29.
North by Northwest
(1959)",(1959),Approved,136 min,"Action, Adventure, Mystery",8.3,"98        
        Metascore","A New York City advertising executive goes on the run after being mistaken for a government agent by a group of foreign spies, and falls for a woman whose loyalties he begins to doubt.","Votes:
326,901
| Gross:
$13.28M"
20,"30.
Vertigo
(1958)",(1958),PG,128 min,"Mystery, Romance, Thriller",8.3,"100        
        Metascore","A former San Francisco police detective juggles wrestling with his personal demons and becoming obsessed with the hauntingly beautiful woman he has been hired to trail, who may be deeply disturbed.","Votes:
400,647
| Gross:
$3.20M"
21,"31.
Double Indemnity
(1944)",(1944),Passed,107 min,"Crime, Drama, Film-Noir",8.3,"95        
        Metascore","A Los Angeles insurance representative lets an alluring housewife seduce him into a scheme of insurance fraud and murder that arouses the suspicion of his colleague, an insurance investigator.","Votes:
157,166
| Gross:
$5.72M"
22,"37.
Gangs of Wasseypur
(2012)",(2012),Not Rated,321 min,"Action, Comedy, Crime",8.2,"89        
        Metascore","A clash between Sultan and Shahid Khan leads to the expulsion of Khan from Wasseypur, and ignites a deadly blood feud spanning three generations.","Votes:
96,021"
23,"39.
The Secret in Their Eyes
(2009)",(2009),R,129 min,"Drama, Mystery, Romance",8.2,"80        
        Metascore",A retired legal counselor writes a novel hoping to find closure for one of his past unresolved homicide cases and for his unreciprocated love with his superior - both of which still haunt him decades later.,"Votes:
209,362
| Gross:
$6.39M"
24,"40.
Shutter Island
(2010)",(2010),R,138 min,"Mystery, Thriller",8.2,"63        
        Metascore","In 1954, a U.S. Marshal investigates the disappearance of a murderer who escaped from a hospital for the criminally insane.","Votes:
1,294,820
| Gross:
$128.01M"
25,"41.
Demon Slayer the Movie: Mugen Train
(2020)",(2020),R,117 min,"Animation, Action, Adventure",8.2,"72        
        Metascore","After his family was brutally murdered and his sister turned into a demon, Tanjiro Kamado's journey as a demon slayer began. Tanjiro and his comrades embark on a new mission aboard the Mugen Train, on track to despair.","Votes:
56,741
| Gross:
$47.70M"
26,"42.
No Country for Old Men
(2007)",(2007),R,122 min,"Crime, Drama, Thriller",8.2,"92        
        Metascore",Violence and mayhem ensue after a hunter stumbles upon a drug deal gone wrong and more than two million dollars in cash near the Rio Grande.,"Votes:
962,921
| Gross:
$74.28M"
27,"43.
V for Vendetta
(2005)",(2005),R,132 min,"Action, Drama, Sci-Fi",8.2,"62        
        Metascore","In a future British dystopian society, a shadowy freedom fighter, known only by the alias of ""V"", plots to overthrow the tyrannical government - with the help of a young woman.","Votes:
1,114,765
| Gross:
$70.51M"
28,"44.
Kill Bill: Vol. 1
(2003)",(2003),R,111 min,"Action, Crime, Drama",8.2,"69        
        Metascore","After awakening from a four-year coma, a former assassin wreaks vengeance on the team of assassins who betrayed her.","Votes:
1,105,686
| Gross:
$70.10M"
29,"45.
The Sixth Sense
(1999)",(1999),PG-13,107 min,"Drama, Mystery, Thriller",8.2,"64        
        Metascore","A frightened, withdrawn Philadelphia boy who communicates with spirits seeks the help of a disheartened child psychologist.","Votes:
985,298
| Gross:
$293.51M"
30,"46.
L.A. Confidential
(1997)",(1997),R,138 min,"Crime, Drama, Mystery",8.2,"90        
        Metascore","As corruption grows in 1950s Los Angeles, three policemen - one strait-laced, one brutal, and one sleazy - investigate a series of murders with their own brand of justice.","Votes:
580,677
| Gross:
$64.62M"
31,"47.
Jurassic Park
(1993)",(1993),PG-13,127 min,"Action, Adventure, Sci-Fi",8.2,"68        
        Metascore",A pragmatic paleontologist touring an almost complete theme park on an island in Central America is tasked with protecting a couple of kids after a power failure causes the park's cloned dinosaurs to run loose.,"Votes:
980,479
| Gross:
$402.45M"
32,"48.
Die Hard
(1988)",(1988),R,132 min,"Action, Thriller",8.2,"72        
        Metascore",An NYPD officer tries to save his wife and several others taken hostage by German terrorists during a Christmas party at the Nakatomi Plaza in Los Angeles.,"Votes:
870,372
| Gross:
$83.01M"
33,"49.
Chinatown
(1974)",(1974),R,130 min,"Drama, Mystery, Thriller",8.2,"92        
        Metascore","A private detective hired to expose an adulterer in 1930s Los Angeles finds himself caught up in a web of deceit, corruption, and murder.","Votes:
325,649
| Gross:
$8.49M"
34,"50.
Z
(1969)",(1969),M/PG,127 min,"Crime, Drama, Thriller",8.2,"86        
        Metascore",The public murder of a prominent politician and doctor amid a violent demonstration is covered up by military and government officials. A tenacious magistrate is determined not to let them get away with it.,"Votes:
28,965
| Gross:
$0.08M"
