,title,year,certificate,time,genre,rating,metascore,simple_desc,votes
0,"1.
Saving Private Ryan
(1998)",(1998),R,169 min,"Drama, War",8.6,"91        
        Metascore","Following the Normandy Landings, a group of U.S. soldiers go behind enemy lines to retrieve a paratrooper whose brothers have been killed in action.","Votes:
1,377,022
| Gross:
$216.54M"
1,"2.
Life Is Beautiful
(1997)",(1997),PG-13,116 min,"Comedy, Drama, Romance",8.6,"59        
        Metascore","When an open-minded Jewish waiter and his son become victims of the Holocaust, he uses a perfect mixture of will, humor, and imagination to protect his son from the dangers around their camp.","Votes:
689,157
| Gross:
$57.60M"
2,"3.
The Pianist
(2002)",(2002),R,150 min,"Biography, Drama, Music",8.5,"85        
        Metascore",A Polish Jewish musician struggles to survive the destruction of the Warsaw ghetto of World War II.,"Votes:
823,391
| Gross:
$32.57M"
3,"4.
Grave of the Fireflies
(1988)",(1988),Not Rated,89 min,"Animation, Drama, War",8.5,"94        
        Metascore",A young boy and his little sister struggle to survive in Japan during World War II.,"Votes:
274,778"
4,"5.
Apocalypse Now
(1979)",(1979),R,147 min,"Drama, Mystery, War",8.5,"94        
        Metascore",A U.S. Army officer serving in Vietnam is tasked with assassinating a renegade Special Forces Colonel who sees himself as a god.,"Votes:
663,008
| Gross:
$83.47M"
5,"6.
Casablanca
(1942)",(1942),PG,102 min,"Drama, Romance, War",8.5,"100        
        Metascore",A cynical expatriate American cafe owner struggles to decide whether or not to help his former lover and her fugitive husband escape the Nazis in French Morocco.,"Votes:
568,388
| Gross:
$1.02M"
6,"8.
Braveheart
(1995)",(1995),R,178 min,"Biography, Drama, History",8.4,"68        
        Metascore",Scottish warrior William Wallace leads his countrymen in a rebellion to free his homeland from the tyranny of King Edward I of England.,"Votes:
1,031,571
| Gross:
$75.60M"
7,"10.
The Boat
(1981)",(1981),R,149 min,"Drama, War",8.4,"86        
        Metascore",A German U-boat stalks the frigid waters of the North Atlantic as its young crew experience the sheer terror and claustrophobic world of a submariner in World War II.,"Votes:
250,580
| Gross:
$11.49M"
8,"11.
Dr. Strangelove or: How I Learned to Stop Worrying and Love the Bomb
(1964)",(1964),PG,95 min,"Comedy, War",8.4,"97        
        Metascore","An insane American general orders a bombing attack on the Soviet Union, triggering a path to nuclear holocaust that a war room full of politicians and generals frantically tries to stop.","Votes:
488,718
| Gross:
$0.28M"
9,"12.
Paths of Glory
(1957)",(1957),Approved,88 min,"Drama, War",8.4,"90        
        Metascore","After refusing to attack an enemy position, a general accuses the soldiers of cowardice and their commanding officer must defend them.","Votes:
196,899"
10,"15.
Inglourious Basterds
(2009)",(2009),R,153 min,"Adventure, Drama, War",8.3,"69        
        Metascore","In Nazi-occupied France during World War II, a plan to assassinate Nazi leaders by a group of Jewish U.S. soldiers coincides with a theatre owner's vengeful plans for the same.","Votes:
1,430,513
| Gross:
$120.54M"
11,"16.
Full Metal Jacket
(1987)",(1987),R,116 min,"Drama, War",8.3,"76        
        Metascore",A pragmatic U.S. Marine observes the dehumanizing effects the Vietnam War has on his fellow recruits from their brutal boot camp training to the bloody street fighting in Hue.,"Votes:
737,795
| Gross:
$46.36M"
12,"17.
Lawrence of Arabia
(1962)",(1962),Approved,218 min,"Adventure, Biography, Drama",8.3,"100        
        Metascore","The story of T.E. Lawrence, the English officer who successfully united and led the diverse, often warring, Arab tribes during World War I in order to fight the Turks.","Votes:
292,836
| Gross:
$44.82M"
13,"18.
Judgment at Nuremberg
(1961)",(1961),Approved,179 min,"Drama, War",8.3,"60        
        Metascore","In 1948, an American court in occupied Germany tries four Nazis judged for war crimes.","Votes:
77,747"
14,"19.
1917
(2019)",(2019),R,119 min,"Action, Drama, War",8.2,"78        
        Metascore","April 6th, 1917. As an infantry battalion assembles to wage war deep in enemy territory, two soldiers are assigned to race against time and deliver a message that will stop 1,600 men from walking straight into a deadly trap.","Votes:
576,928
| Gross:
$159.23M"
15,"23.
Pan's Labyrinth
(2006)",(2006),R,118 min,"Drama, Fantasy, War",8.2,"98        
        Metascore","In the Falangist Spain of 1944, the bookish young stepdaughter of a sadistic army officer escapes into an eerie but captivating fantasy world.","Votes:
665,552
| Gross:
$37.63M"
16,"24.
Downfall
(2004)",(2004),R,156 min,"Biography, Drama, History",8.2,"82        
        Metascore","Traudl Junge, the final secretary for Adolf Hitler, tells of the Nazi dictator's final days in his Berlin bunker at the end of WWII.","Votes:
354,944
| Gross:
$5.51M"
17,"25.
Ran
(1985)",(1985),R,162 min,"Action, Drama, War",8.2,"96        
        Metascore","In Medieval Japan, an elderly warlord retires, handing over his empire to his three sons. However, he vastly underestimates how the new-found power will corrupt them and cause them to turn on each other...and him.","Votes:
125,588
| Gross:
$4.14M"
18,"26.
The Great Escape
(1963)",(1963),Approved,172 min,"Adventure, Drama, History",8.2,"86        
        Metascore",Allied prisoners of war plan for several hundred of their number to escape from a German camp during World War II.,"Votes:
244,200
| Gross:
$12.10M"
19,"27.
The Bridge on the River Kwai
(1957)",(1957),PG,161 min,"Adventure, Drama, War",8.2,"87        
        Metascore","British POWs are forced to build a railway bridge across the river Kwai for their Japanese captors in occupied Burma, not knowing that the allied forces are planning a daring commando raid through the jungle to destroy it.","Votes:
220,415
| Gross:
$44.91M"
20,"28.
To Be or Not to Be
(1942)",(1942),Passed,99 min,"Comedy, Romance, War",8.2,"86        
        Metascore","During the Nazi occupation of Poland, an acting troupe becomes embroiled in a Polish soldier's efforts to track down a German spy.","Votes:
37,438"
21,"29.
Gone with the Wind
(1939)",(1939),Passed,238 min,"Drama, Romance, War",8.2,"97        
        Metascore",The manipulative daughter of a Georgia plantation owner conducts a turbulent romance with a roguish profiteer during the American Civil War and Reconstruction periods.,"Votes:
314,828
| Gross:
$198.68M"
22,"31.
Tangerines
(2013)",(2013),Not Rated,87 min,"Drama, War",8.1,"73        
        Metascore","In 1992, war rages in Abkhazia, a breakaway region of Georgia. An Estonian man Ivo has decided to stay behind and harvest his crops of tangerines. In a bloody conflict at his door, a wounded man is left behind, and Ivo takes him in.","Votes:
46,425
| Gross:
$0.14M"
23,"32.
Hacksaw Ridge
(2016)",(2016),R,139 min,"Biography, Drama, History",8.1,"71        
        Metascore","World War II American Army Medic Desmond T. Doss, who served during the Battle of Okinawa, refuses to kill people and becomes the first man in American history to receive the Medal of Honor without firing a shot.","Votes:
519,067
| Gross:
$67.21M"
24,"33.
Hotel Rwanda
(2004)",(2004),PG-13,121 min,"Biography, Drama, History",8.1,"79        
        Metascore","Paul Rusesabagina, a hotel manager, houses over a thousand Tutsi refugees during their struggle against the Hutu militia in Rwanda, Africa.","Votes:
355,178
| Gross:
$23.53M"
25,"34.
Underground
(1995)",(1995),Not Rated,167 min,"Comedy, Drama, Fantasy",8.1,"79        
        Metascore","A group of Serbian socialists prepares for the war in a surreal underground filled by parties, tragedies, love, and hate.","Votes:
58,569
| Gross:
$0.17M"
26,"35.
Platoon
(1986)",(1986),R,120 min,"Drama, War",8.1,"92        
        Metascore","Chris Taylor, a neophyte recruit in Vietnam, finds himself caught in a battle of wills between two sergeants, one good and the other evil. A shrewd examination of the brutality of war and the duality of man in conflict.","Votes:
412,969
| Gross:
$138.53M"
27,"36.
The Deer Hunter
(1978)",(1978),R,183 min,"Drama, War",8.1,"86        
        Metascore",An in-depth examination of the ways in which the Vietnam War impacts and disrupts the lives of several friends in a small steel mill town in Pennsylvania.,"Votes:
338,482
| Gross:
$48.98M"
28,"38.
Barry Lyndon
(1975)",(1975),PG,185 min,"Adventure, Drama, War",8.1,"89        
        Metascore",An Irish rogue wins the heart of a rich widow and assumes her dead husband's aristocratic position in 18th-century England.,"Votes:
167,461"
29,"39.
The Battle of Algiers
(1966)",(1966),Not Rated,121 min,"Drama, War",8.1,"96        
        Metascore","In the 1950s, fear and violence escalate as the people of Algiers fight for independence from the French government.","Votes:
60,311
| Gross:
$0.06M"
30,"40.
The Best Years of Our Lives
(1946)",(1946),Approved,170 min,"Drama, Romance, War",8.1,"93        
        Metascore","Three World War II veterans, two of them traumatized or disabled, return home to the American midwest to discover that they and their families have been irreparably changed.","Votes:
64,696
| Gross:
$23.65M"
31,"42.
All Quiet on the Western Front
(1930)",(1930),Passed,152 min,"Drama, War",8.1,"91        
        Metascore","A German youth eagerly enters World War I, but his enthusiasm wanes as he gets a firsthand view of the horror.","Votes:
61,801
| Gross:
$3.27M"
32,"44.
The Imitation Game
(2014)",(2014),PG-13,114 min,"Biography, Drama, Thriller",8.0,"71        
        Metascore","During World War II, the English mathematical genius Alan Turing tries to crack the German Enigma code with help from fellow mathematicians while attempting to come to terms with his troubled private life.","Votes:
763,647
| Gross:
$91.13M"
33,"46.
Persepolis
(2007)",(2007),PG-13,96 min,"Animation, Biography, Drama",8.0,"90        
        Metascore",A precocious and outspoken Iranian girl grows up during the Islamic Revolution.,"Votes:
94,924
| Gross:
$4.45M"
34,"47.
Tae Guk Gi: The Brotherhood of War
(2004)",(2004),R,140 min,"Action, Drama, War",8.0,"64        
        Metascore","When two brothers are forced to fight in the Korean War, the elder decides to take the riskiest missions if it will help shield the younger from battle.","Votes:
39,840
| Gross:
$1.11M"
35,"48.
Goodbye, Children
(1987)",(1987),PG,104 min,"Drama, War",8.0,"88        
        Metascore","A French boarding school run by priests seems to be a haven from World War II until a new student arrives. Occupying the next bed in the dormitory to the top student in his class, the two young boys begin to form a bond.","Votes:
34,037
| Gross:
$4.54M"
36,"50.
Stalag 17
(1953)",(1953),Not Rated,120 min,"Comedy, Drama, War",8.0,"84        
        Metascore","After two Americans are killed while escaping from a German P.O.W. camp in World War II, the barracks black marketeer, J.J. Sefton, is suspected of being an informer.","Votes:
56,051"
