,title,year,certificate,time,genre,rating,metascore,simple_desc,votes
0,"1.
The Good, the Bad and the Ugly
(1966)",(1966),R,178 min,"Adventure, Western",8.8,"90        
        Metascore",A bounty hunting scam joins two men in an uneasy alliance against a third in a race to find a fortune in gold buried in a remote cemetery.,"Votes:
755,926
| Gross:
$6.10M"
1,"2.
Once Upon a Time in the West
(1968)",(1968),PG-13,165 min,Western,8.5,"80        
        Metascore",A mysterious stranger with a harmonica joins forces with a notorious desperado to protect a beautiful widow from a ruthless assassin working for the railroad.,"Votes:
328,052
| Gross:
$5.32M"
2,"3.
Django Unchained
(2012)",(2012),R,165 min,"Drama, Western",8.4,"81        
        Metascore","With the help of a German bounty-hunter, a freed slave sets out to rescue his wife from a brutal plantation-owner in Mississippi.","Votes:
1,533,708
| Gross:
$162.81M"
3,"4.
Unforgiven
(1992)",(1992),R,130 min,"Drama, Western",8.2,"85        
        Metascore","Retired Old West gunslinger William Munny reluctantly takes on one last job, with the help of his old partner Ned Logan and a young man, The ""Schofield Kid.""","Votes:
410,660
| Gross:
$101.16M"
4,"5.
For a Few Dollars More
(1965)",(1965),R,132 min,Western,8.2,"74        
        Metascore",Two bounty hunters with the same intentions team up to track down an escaped Mexican outlaw.,"Votes:
256,053
| Gross:
$15.00M"
5,"6.
The Treasure of the Sierra Madre
(1948)",(1948),Passed,126 min,"Adventure, Drama, Western",8.2,"98        
        Metascore",Two down-on-their-luck Americans searching for work in 1920s Mexico convince an old prospector to help them mine for gold in the Sierra Madre Mountains.,"Votes:
125,053
| Gross:
$5.01M"
6,"9.
The Man Who Shot Liberty Valance
(1962)",(1962),Approved,123 min,"Drama, Western",8.1,"94        
        Metascore",A senator returns to a Western town for the funeral of an old friend and tells the story of his origins.,"Votes:
76,306"
7,"10.
The Revenant
(2015)",(2015),R,156 min,"Action, Adventure, Drama",8.0,"76        
        Metascore",A frontiersman on a fur trading expedition in the 1820s fights for survival after being mauled by a bear and left for dead by members of his own hunting team.,"Votes:
796,420
| Gross:
$183.64M"
8,"11.
Dances with Wolves
(1990)",(1990),PG-13,181 min,"Adventure, Drama, Western",8.0,"72        
        Metascore","Lieutenant John Dunbar, assigned to a remote western Civil War outpost, befriends wolves and Native Americans, making him an intolerable aberration in the military.","Votes:
265,017
| Gross:
$184.21M"
9,"12.
Butch Cassidy and the Sundance Kid
(1969)",(1969),PG,110 min,"Biography, Crime, Drama",8.0,"66        
        Metascore","Wyoming, early 1900s. Butch Cassidy and The Sundance Kid are the leaders of a band of outlaws. After a train robbery goes wrong they find themselves on the run with a posse hard on their heels. Their solution - escape to Bolivia.","Votes:
215,916
| Gross:
$102.31M"
10,"13.
Rio Bravo
(1959)",(1959),Passed,141 min,Western,8.0,"93        
        Metascore","A small-town sheriff in the American West enlists the help of a disabled man, a drunk, and a young gunfighter in his efforts to hold in jail the brother of the local bad guy.","Votes:
62,844
| Gross:
$12.54M"
11,"14.
High Noon
(1952)",(1952),PG,85 min,"Drama, Thriller, Western",8.0,"89        
        Metascore","A town Marshal, despite the disagreements of his newlywed bride and the townspeople around him, must face a gang of deadly killers alone at ""high noon"" when the gang leader, an outlaw he ""sent up"" years ago, arrives on the noon train.","Votes:
104,496
| Gross:
$9.45M"
12,"15.
The Wild Bunch
(1969)",(1969),R,135 min,"Action, Adventure, Western",7.9,"97        
        Metascore","An aging group of outlaws look for one last big score as the ""traditional"" American West is disappearing around them.","Votes:
84,879
| Gross:
$12.06M"
13,"16.
A Fistful of Dollars
(1964)",(1964),R,99 min,"Action, Drama, Western",7.9,"65        
        Metascore","A wandering gunfighter plays two rival families against each other in a town torn apart by greed, pride, and revenge.","Votes:
217,268
| Gross:
$14.50M"
14,"17.
The Searchers
(1956)",(1956),Passed,119 min,"Adventure, Drama, Western",7.9,"94        
        Metascore",An American Civil War veteran embarks on a years-long journey to rescue his niece from the Comanches after the rest of his brother's family is massacred in a raid on their Texas farm.,"Votes:
89,635"
15,"18.
The Hateful Eight
(2015)",(2015),R,168 min,"Crime, Drama, Mystery",7.8,"68        
        Metascore","In the dead of a Wyoming winter, a bounty hunter and his prisoner find shelter in a cabin currently inhabited by a collection of nefarious characters.","Votes:
593,856
| Gross:
$54.12M"
16,"19.
Tombstone
(1993)",(1993),R,130 min,"Biography, Drama, History",7.8,"50        
        Metascore","A successful lawman's plans to retire anonymously in Tombstone, Arizona are disrupted by the kind of outlaws he was famous for eliminating.","Votes:
149,180
| Gross:
$56.51M"
17,"20.
The Outlaw Josey Wales
(1976)",(1976),PG,135 min,Western,7.8,"69        
        Metascore",Missouri farmer Josey Wales joins a Confederate guerrilla unit and winds up on the run from the Union soldiers who murdered his family.,"Votes:
74,132
| Gross:
$31.80M"
18,"22.
Stagecoach
(1939)",(1939),Passed,96 min,"Adventure, Drama, Western",7.8,"93        
        Metascore",A group of people traveling on a stagecoach find their journey complicated by the threat of Geronimo and learn something about each other in the process.,"Votes:
49,291"
19,"23.
Wind River
(2017)",(2017),R,107 min,"Crime, Drama, Mystery",7.7,"73        
        Metascore",A veteran hunter helps an FBI agent investigate the murder of a young woman on a Wyoming Native American reservation.,"Votes:
250,523
| Gross:
$33.80M"
20,"24.
3:10 to Yuma
(2007)",(2007),R,122 min,"Action, Crime, Drama",7.7,"76        
        Metascore",A small-time rancher agrees to hold a captured outlaw who's awaiting a train to go to court in Yuma. A battle of wills ensues as the outlaw tries to psych out the rancher.,"Votes:
311,506
| Gross:
$53.61M"
21,"25.
Blazing Saddles
(1974)",(1974),R,93 min,"Comedy, Western",7.7,"73        
        Metascore","In order to ruin a western town, a corrupt politician appoints a black Sheriff, who promptly becomes his most formidable adversary.","Votes:
139,686
| Gross:
$119.50M"
22,"26.
The Magnificent Seven
(1960)",(1960),Approved,128 min,"Action, Adventure, Western",7.7,"74        
        Metascore",Seven gunfighters are hired by Mexican peasants to liberate their village from oppressive bandits.,"Votes:
95,238
| Gross:
$4.91M"
23,"27.
Hell or High Water
(II) (2016)",(II) (2016),R,102 min,"Crime, Drama, Thriller",7.6,"88        
        Metascore",A divorced father and his ex-con older brother resort to a desperate scheme in order to save their family's ranch in West Texas.,"Votes:
230,508
| Gross:
$26.86M"
24,"28.
True Grit
(2010)",(2010),PG-13,110 min,"Drama, Western",7.6,"80        
        Metascore",A stubborn teenager enlists the help of a tough U.S. Marshal to track down her father's murderer.,"Votes:
338,693
| Gross:
$171.24M"
25,"29.
McCabe & Mrs. Miller
(1971)",(1971),R,120 min,"Drama, Western",7.6,"93        
        Metascore","A gambler and a prostitute become business partners in a remote Old West mining town, and their enterprise thrives until a large corporation arrives on the scene.","Votes:
25,291
| Gross:
$8.20M"
26,"30.
Duck, You Sucker!
(1971)",(1971),PG,138 min,"Drama, War, Western",7.6,"77        
        Metascore",A low-life bandit and an I.R.A. explosives expert rebel against the government and become heroes of the Mexican Revolution.,"Votes:
34,890
| Gross:
$0.70M"
27,"31.
Little Big Man
(1970)",(1970),PG-13,139 min,"Adventure, Comedy, Drama",7.6,"63        
        Metascore","Jack Crabb, looking back from extreme old age, tells of his life being raised by Native Americans and fighting with General Custer.","Votes:
35,630
| Gross:
$31.56M"
28,"32.
Giant
(1956)",(1956),G,201 min,"Drama, Western",7.6,"84        
        Metascore",Sprawling epic covering the life of a Texas cattle rancher and his family and associates.,"Votes:
39,343"
29,"33.
Shane
(1953)",(1953),Not Rated,118 min,"Drama, Western",7.6,"80        
        Metascore","A weary gunfighter in 1880s Wyoming begins to envision a quieter life after befriending a homestead family with a young son who idolizes him, but a smoldering range war forces him to act.","Votes:
41,002
| Gross:
$20.00M"
30,"34.
The Assassination of Jesse James by the Coward Robert Ford
(2007)",(2007),R,160 min,"Biography, Crime, Drama",7.5,"68        
        Metascore","Robert Ford, who's idolized Jesse James since childhood, tries hard to join the reforming gang of the Missouri outlaw, but gradually becomes resentful of the bandit leader.","Votes:
181,967
| Gross:
$3.90M"
31,"35.
Dead Man
(1995)",(1995),R,121 min,"Adventure, Drama, Fantasy",7.5,"62        
        Metascore","On the run after murdering a man, accountant William Blake encounters a strange aboriginal American man named Nobody who prepares him for his journey into the spiritual world.","Votes:
97,574
| Gross:
$1.04M"
32,"36.
Legends of the Fall
(1994)",(1994),R,133 min,"Drama, Romance, War",7.5,"45        
        Metascore","In the early 1900s, three brothers and their father living in the remote wilderness of Montana are affected by betrayal, history, love, nature, and war.","Votes:
166,475
| Gross:
$66.64M"
33,"37.
Of Mice and Men
(1992)",(1992),PG-13,115 min,"Drama, Western",7.5,"73        
        Metascore","A nomadic farm worker looks after his dimwitted, gentle-giant friend during the Great Depression.","Votes:
44,046
| Gross:
$5.10M"
34,"38.
Jeremiah Johnson
(1972)",(1972),GP,108 min,"Adventure, Drama, Western",7.5,"75        
        Metascore",A mountain man who wishes to live the life of a hermit becomes the unwilling object of a long vendetta by the Crow tribe and proves to be a match for their warriors in single combat on the early frontier.,"Votes:
32,019
| Gross:
$47.74M"
35,"39.
High Plains Drifter
(1973)",(1973),R,105 min,"Drama, Mystery, Western",7.5,"69        
        Metascore",A gun-fighting stranger comes to the small settlement of Lago and is hired to bring the townsfolk together in an attempt to hold off three outlaws who are on their way.,"Votes:
57,329
| Gross:
$15.70M"
36,"40.
El Dorado
(1966)",(1966),Passed,126 min,"Drama, Romance, Western",7.5,"85        
        Metascore","Cole Thornton, a gunfighter for hire, joins forces with an old friend, Sheriff J.P. Hara. Together with an old Indian fighter and a gambler, they help a rancher and his family fight a rival rancher that is trying to steal their water.","Votes:
27,472
| Gross:
$12.97M"
37,"42.
Open Range
(2003)",(2003),R,139 min,"Action, Drama, Romance",7.4,"67        
        Metascore",A former gunslinger is forced to take up arms again when he and his cattle crew are threatened by a corrupt lawman.,"Votes:
73,511
| Gross:
$58.33M"
38,"43.
Lone Star
(1996)",(1996),R,135 min,"Drama, Mystery, Western",7.4,"78        
        Metascore","When the skeleton of his murdered predecessor is found, Sheriff Sam Deeds unearths many other long-buried secrets in his Texas border town.","Votes:
30,039
| Gross:
$13.27M"
39,"44.
Back to the Future Part III
(1990)",(1990),PG,118 min,"Adventure, Comedy, Sci-Fi",7.4,"55        
        Metascore","Stranded in 1955, Marty McFly learns about the death of Doc Brown in 1885 and must travel back in time to save him. With no fuel readily available for the DeLorean, the two must figure how to escape the Old West before Emmett is murdered.","Votes:
444,524
| Gross:
$87.73M"
40,"45.
True Grit
(1969)",(1969),G,128 min,"Adventure, Drama, Western",7.4,"83        
        Metascore","A drunken, hard-nosed U.S. Marshal and a Texas Ranger help a stubborn teenager track down her father's murderer in Indian Territory.","Votes:
47,810
| Gross:
$31.13M"
41,"46.
The Ballad of Buster Scruggs
(2018)",(2018),R,133 min,"Comedy, Drama, Musical",7.3,"79        
        Metascore","Six tales of life and violence in the Old West, following a singing gunslinger, a bank robber, a traveling impresario, an elderly prospector, a wagon train, and a perverse pair of bounty hunters.","Votes:
146,970"
42,"47.
Bacurau
(2019)",(2019),Not Rated,131 min,"Adventure, Horror, Mystery",7.3,"82        
        Metascore","After the death of her grandmother, Teresa comes home to her matriarchal village in a near-future Brazil to find a succession of sinister events that mobilizes all of its residents.","Votes:
27,472"
43,"48.
The Proposition
(2005)",(2005),R,104 min,"Crime, Drama, Western",7.3,"73        
        Metascore","A lawman apprehends a notorious outlaw and gives him nine days to kill his older brother, or else they'll execute his younger brother.","Votes:
52,948
| Gross:
$1.90M"
44,"49.
The Three Burials of Melquiades Estrada
(2005)",(2005),R,121 min,"Adventure, Crime, Drama",7.3,"77        
        Metascore",Ranch foreman Pete Perkins looks to fulfill the promise to his recently deceased best friend by burying him in his hometown in Mexico.,"Votes:
40,699
| Gross:
$5.02M"
45,"50.
Pale Rider
(1985)",(1985),R,115 min,"Drama, Western",7.3,"61        
        Metascore",A mysterious preacher (Clint Eastwood) protects a humble prospector village from a greedy mining company trying to encroach on their land.,"Votes:
59,945
| Gross:
$41.41M"
